ID del item,Nombre del item,Total de ventas (CLP),Cantidad vendida
1853,pro plan alimento seco para adulto razas medianas 15 kg,522817000.0,8300.0
1790,royal canin adulto maxi adult 15kg,393515950.0,6905.0
1851,orijen alimento natural seco para gato 5kg,330048160.0,4784.0
1849,royal alimento seco gato 7.5 kg,220344930.0,4007.0
1818,puzzle twister nivel 3,215472130.0,5987.0
1850,bravery alimento seco natural 7kg,208078750.0,4625.0
1788,royal canin adulto mini adult 7,207684690.0,4831.0
1799,proplan adulto cat alimento para gato,172221720.0,3828.0
1800,bravery chicken adult cat,146515290.0,4071.0
1828,kong extreme dental con cuerda,145941600.0,5840.0
1789,salvaje adulto con pollo 15 kg,135413670.0,4233.0
1832,alfombrilla de entrenamiento de cesped,113677260.0,2274.0
1785,dogxtreme pupy pollo y arroz,100284870.0,4013.0
1817,puzzle tornado nivel 2,98285670.0,3933.0
1831,squeaky bounce ball large,76436590.0,2941.0
1786,nath adulto maxi sabor pollo y arroz integral,70784590.0,3541.0
1798,nath cat adulto esterilizado sabor pollo y arroz,69163290.0,2471.0
1852,pro plan alimento seco para cachorro razas grandes 15 kg,58589390.0,761.0
1812,kong wobbler cat small,52203510.0,2749.0
629,eukanuba adulto large breed 15 kg,50434920.0,612.0
1809,desparasitante bravecto para gatos,48763740.0,1626.0
1827,hueso masticable con textura,45586660.0,2534.0
596,royal canin maxi adulto 15 kg,41850900.0,490.0
751,acana wild atlantic - perro 11,41824800.0,444.0
1841,parka premium perro con chiporro,38228050.0,1195.0
1845,capa impermeable azul,35013770.0,1523.0
1433,royal canin maxi junior 15 kgr,34000440.0,381.0
1650,brit care dog show champion salmon 12 kg,33466770.0,523.0
1476,bravery chicken adult cat 7 kg,27218950.0,605.0
1820,simparica antiparasitario 80 mg,26687310.0,1669.0
192,brit care cat sterilized urinary 7kg,26539260.0,474.0
1840,parka premium perro,26369230.0,977.0
1846,arnes y correa anti-tirones,25313670.0,1333.0
1796,dingo dental stick huesitos ,25023130.0,2087.0
709,bravery salmon adult large/medium breed 12 kg,25005900.0,410.0
1816,zeedof arnés ajustable morado,24995070.0,893.0
1403,brit care cat grain-free sterilized sensitive 7 kg,24747580.0,442.0
257,brit care cat grain-free senior weight control 7 kg,24691590.0,441.0
1268,acana pork & squash - perro 5,24110940.0,417.0
1787,nath puppy maxi sabor pollo y arroz integral,23940420.0,958.0
1792,royal canin alimento húmedo perro adulto,21558020.0,2398.0
1847,juguete limpieza dental doble,21432160.0,2384.0
1003,brit care cat grain-free haircare healthy & shiny coat 7 kg,21276200.0,380.0
1842,chaqueta chiporro verde ,21220510.0,1249.0
73,pro plan cat urinary 7,20940800.0,512.0
1005,bravery chicken adult large/medium breeds 12 kg,20896200.0,380.0
1844,polerón con gorro verde,20209890.0,1011.0
1706,pro plan adulto optihealth r/m 15 kg,20146500.0,407.0
246,bravery iberian pork adult large/medium breeds 12 kg,20117470.0,353.0
41,brit care adult small breed l&r 7,20108760.0,444.0
1819,simparica antiparasitario 40 mg,19968830.0,1817.0
1861,small bird diet 1 kg,19450270.0,973.0
1823,siguimarina,19436740.0,926.0
1867,living world alimento seco cuy,19395870.0,1213.0
1510,bravery salmon adult cat 7 kg,18956050.0,395.0
1529,bravery salmon adult cat sterilized 7 kg,18946210.0,379.0
916,eukanuba adulto medium 13.6 kg,18816610.0,277.0
1860,small bird diet 1 kg,18366190.0,1081.0
808,brit care gf adult salmon 12 kg,18078130.0,287.0
543,brit care adult large breed l&r 12 kg,17952150.0,285.0
1829,hueso entretenido,17641920.0,2208.0
1308,brit care adulto large salmon & potato 12 kg,17511220.0,278.0
1830,dispensador small,16769010.0,2399.0
520,bravery lamb mini adulto small breed 7 kg,16628220.0,378.0
1843,polerón con gorro rosado,16502310.0,869.0
1720,monge mini adult chicken 7,16470980.0,353.0
483,royal canin mini adulto  8 kg fr,16303680.0,333.0
1815,dog arnés negro,16052700.0,730.0
91,royal can  vet cat  young male s/o 3.5 kilo,15887520.0,374.0
1085,pro plan sensitive cat 3kg ar,15784580.0,434.0
637,pro plan perro reduce calor. optilife 15 kilo,15599100.0,319.0
1848,juguete limpieza dental ball,15454890.0,2211.0
1698,brit care sensitive venison & potato 12 kg,15447940.0,206.0
532,pro plan adult large breed 15kg ar,15304930.0,197.0
1797,little jacs snack,15220590.0,2541.0
1462,pro plan reduce calorie sml brd 3kg ar,15011400.0,508.0
834,brit care adult medium breed l&r 12 kg,14613680.0,232.0
1582,salvaje adulto con pollo 15 kg,14523460.0,454.0
1166,royal can  vet cat  young female  s/o 3.5 kilo,13806000.0,325.0
1794,proplan adulto latas,13694800.0,2920.0
1396,nt total grain-free small breed chicken & turkey dog food 2k,13680750.0,493.0
1382,pro plan adult cat 7,13482580.0,223.0
443,bravery chicken mini adult small breeds 7 kg,13424270.0,373.0
113,nath cat adulto esterilizado sabor pollo y arroz,13407210.0,479.0
1795,wanpy soft duck jerky stripos,13383180.0,2682.0
1854,churu premio cremoso natural para perro,12947550.0,3245.0
813,royal canin mini indoor adulto 2.5kg,12887000.0,490.0
1272,brit care duck endurance 12 kg,12775900.0,251.0
1791,belcando búfalo de agua 400 gr,12504830.0,2237.0
584,nutrience gr.free cat indoor 2,12366310.0,389.0
1813,caña con pompones,12265260.0,3074.0
1493,acana homestead harvest gato 1,11970400.0,520.0
832,royal can fhn fit 32 7.5 kilo,11621620.0,178.0
1347,bravery salmon adult large/medium breed 4 kg,11620350.0,465.0
1688,monge maxi adult chicken de 12 kg,11476290.0,211.0
1755,pro plan reduced calorie m/l 3kg ar,11465400.0,388.0
1252,obt-td. adult s.bites - chicken (5,11172280.0,280.0
676,pro plan active mind 7+ sml brd 3kg ar,10728840.0,348.0
1264,monge medium adult chicken de 3 kg,10396000.0,400.0
14,pro plan sensitive skin m/l 3kg ar,10297220.0,334.0
624,obt-td. adult s.bites - fish (2,10249200.0,468.0
1806,plato gato doble redondo,9865830.0,617.0
1801,bravery lomo de atún y zanahoria,9600890.0,3211.0
966,bravery lamb adult large/medium b. 4 kg,9480600.0,414.0
930,acana wild atlantic gato 1,9430440.0,356.0
1072,dogxtreme pupy pollo y arroz,9396240.0,376.0
648,monge mini adult chicken de 3 kg,9382390.0,361.0
1498,bravery salmon mini adult small breeds 2 kg,9343080.0,492.0
900,proplan cat urinary 3 kgs.,9285600.0,424.0
1804,arnés adjustable cat ,8976090.0,691.0
279,bravery light iberian pork mini adult small breeds 2 kg,8919750.0,525.0
1179,bravery chicken adult cat 2 kg,8834800.0,520.0
380,brit care adult small breed l&r 3 kg,8821470.0,353.0
545,nutram ideal solution support indoor cat food 1.13kg,8684280.0,396.0
1135,royal canin gastrointestinal feline 2 kg,8579180.0,502.0
1856,botella de agua con contenedor de comida,8501490.0,851.0
1556,amity sp low grain salmon adult 4 kg,8317620.0,438.0
699,brit care duck endurance 3 kg,8246700.0,330.0
212,royal canin renal canine 1.5 kg,8178800.0,460.0
1808,pet woow dispensador de alimento,8159490.0,51.0
1222,royal canin sensible 1,7824870.0,397.0
353,bravery lamb mini adult small breed 2 kg,7753690.0,431.0
1771,nutrience orig cat adult 2,7710200.0,380.0
1408,royal canin indoor 1,7686900.0,390.0
1811,superpet gato omega,7502610.0,939.0
1824,doguivit adulto,7462660.0,934.0
346,pro plan  perro  reduce calor. optilife 3 kilo,7398270.0,423.0
1825,poo bolsas compostables 60 u,7248630.0,1037.0
1318,proplan veterinarydiets cnne nc 6x2kg ar,7189520.0,248.0
810,pro plan adult small breed 3kg ar,7151100.0,242.0
634,pro plan dog sensitive skin 3 kilo,7118650.0,385.0
1822,superpet perro adulto,7080870.0,1013.0
1618,bravery chicken adult cat sterilized 2 kg,6818210.0,379.0
369,brit care cat grain-free senior weight control 2 kg,6800220.0,378.0
165,pro plan adult medium breed 3kg ar,6778240.0,238.0
1859,par de protectores de patas para perro 2x,6649650.0,35.0
1439,bravery iberian pork mini adult small breeds 2 kg,6507170.0,383.0
1344,sierra mountain 2 kg.,6438080.0,352.0
1834,loft dog house,6299550.0,45.0
1521,brit care gf adult salmon 3 kg,6261390.0,261.0
1393,pro plan puppy medium breed 15kg ar,6254710.0,77.0
746,pro plan adult cat 1kg ar,6227200.0,448.0
1678,royal can. urinary canine 10 kg.,6162420.0,66.0
1835,palace dog house,6079620.0,38.0
1069,pro plan sterilized cat 1kg ar,6034560.0,449.0
1775,brit care dog show champion salmon 3 kg,5973510.0,249.0
485,royal can. hepatic canine 10 kg.,5791590.0,63.0
1628,obt-td. sen&wm s.bites - chicken (2,5781600.0,264.0
1773,pro plan reduced calorie cat 3kg ar,5746460.0,158.0
1446,bravery chicken mini adult small breeds 2 kg,5356650.0,335.0
740,royal canin fhn indoor 7+ 1,5353110.0,261.0
861,acana freshwater fish - perro 2,5252640.0,248.0
1385,amity sp low grain chicken adult 4 kg,5228730.0,327.0
114,dingo dental stick huesitos ,5203660.0,434.0
1225,bravery light iberian pork mini adult small breeds 7 kg,5198400.0,120.0
1821,mebermic,5044130.0,1687.0
561,wanpy soft duck jerky stripos,4940100.0,990.0
1833,coche pet,4919590.0,41.0
128,brit care cat grain-free haircare healthy & shiny coat 2 kg,4842450.0,255.0
122,royal canin feline adult sterilised 1.5 kg,4828950.0,245.0
189,gel otico plus x 11.5 grs.,4819150.0,281.0
32,royal canin hairball care 1.5 kg,4810110.0,223.0
1802,zeecat phantom collar,4775430.0,957.0
1858,bebedera con acero inoxidable para gato,4751280.0,72.0
999,proplan puppy optis. large br. 15 kg.,4740500.0,95.0
1392,acana classic prairie poultry 2 kg,4700720.0,268.0
270,advocate 1 x 0.4 ml,4625260.0,281.0
1814,front range arnés naranjo,4499250.0,75.0
1837,cama para perro negra zeedog,4479200.0,80.0
721,pack conejo animal care,4425600.0,60.0
1793,bravery atún y vegetales alimento húmedo,4312330.0,2167.0
419,brit care weight loss rabbit 12 kg,4287330.0,67.0
1253,monge urinary  chicken de 1,4119710.0,229.0
534,belcando búfalo de agua 400 gr,4063930.0,727.0
1803,collar expandible con hebilla negro,4005270.0,573.0
1324,eukanuba puppy medium breed 15 kg,3914000.0,50.0
1694,pack hamster animal care n°2,3771040.0,56.0
1855,botella de paseo 1 un,3762460.0,754.0
549,monge indoor chicken de 1,3651970.0,203.0
494,pro plan puppy large breed 15kg ar,3574120.0,44.0
1431,monge adult chicken de 1,3567900.0,210.0
1764,royal canin alimento húmedo perro adulto,3542060.0,394.0
874,proplan puppy optistart complete 15 kg.,3499300.0,70.0
1805,bowl de plástico,3423420.0,858.0
607,bravery salmon adult cat 2 kg,3398000.0,200.0
1472,brit care gf adult salmon 1 kg,3349710.0,409.0
1058,brit care cat sterilized urinary 2kg,3304260.0,174.0
133,habitat para hamster kleo vip,3260400.0,65.0
320,pack michi,3247440.0,56.0
417,cama chiporro xxl catapet,3229150.0,85.0
1696,monge senior chicken 1,3198720.0,196.0
414,habitrail classic kit,3107260.0,74.0
1826,rodillo quitapelos y pelusas,3078830.0,617.0
1863,bebedero/comedero para ave,3021200.0,664.0
429,little jacs snack,3000990.0,501.0
1810,catnip spray hierba gatera,2975690.0,331.0
905,royal poodle  adulto 2,2875600.0,104.0
1531,pack hamster  animal care  n°1,2818400.0,52.0
881,bravery salmon adult cat sterilized 2 kg,2715570.0,143.0
1621,brit care puppy l&r 3 kg,2700700.0,113.0
240,zeus fuente mini 1,2545330.0,67.0
292,royal can. shn mini adulto 1 kgr.,2527700.0,230.0
642,proplan active mind rz mediana y grande 15kg,2503600.0,44.0
1217,brit care gf senior & light salmon 3 kg,2470970.0,103.0
424,sanitario gato con puerta y filtro/netta,2355420.0,74.0
795,brit care junior large breed l&r 12 kg,2322650.0,41.0
1548,yorkshire terrier  jr 3 kilo ,2261820.0,66.0
1375,royal canin mini puppy  8 kg fr,2219630.0,37.0
1866,alimento loros granulado 1kg,2208700.0,130.0
1366,amity sp low grain chicken puppy 14 kg,2066610.0,39.0
1857,transportadora rígida para perro chico,1979560.0,44.0
62,nath puppy maxi sabor pollo y arroz integral,1974210.0,79.0
509,pro plan puppy medium breed 3kg ar,1950300.0,66.0
1293,pro plan adulto carne pouch 100 gr,1937980.0,766.0
25,catit plat- tumbler-be,1913340.0,66.0
1724,brit care cat grain-free sterilized weight control 2 kg,1870960.0,104.0
1106,royal can poodle junior 33 2.5 kg.,1852550.0,67.0
373,parka t/5 cata pets,1817430.0,87.0
1108,eukanuba puppy large breed 15 kg,1800440.0,23.0
1705,royal canin bhn dachshund 2.5 kilo,1741950.0,63.0
835,broadline pipeta gato 2,1726920.0,108.0
1839,torre árbol con casa gatos premium,1709810.0,19.0
535,royal canin urinary s/o canine 1.5 kg.,1687320.0,109.0
326,ultrafil perros y gatos 15 ml,1674240.0,109.0
623,proplan cat kitten opt 7.5kg,1672700.0,43.0
595,monge maxi p&j chicken 1x12 kg,1657320.0,28.0
249,body gato 0 rosado,1618280.0,92.0
49,brit care puppy l&r  12 kg,1559760.0,24.0
1734,bravery atún y vegetales alimento húmedo,1558170.0,783.0
804,corral pequeños animales a.c,1557160.0,44.0
627,royal canin mini adulto pouch 85 gr,1546320.0,758.0
1591,pro plan active mind small breed 7.5 kg,1507840.0,32.0
68,royal can. renal rf feline 2 kg.,1503000.0,50.0
1193,brit care adult small breed l&r 1 kg,1498770.0,183.0
1309,yorkshire pouch 12x85g,1486540.0,638.0
1645,bravery salmon mini puppy small breed 7 kg,1471680.0,32.0
9,pro plan gatos adulto pollo pouch 85 gr,1449260.0,622.0
6,capa arnè talla5 cata pets,1435070.0,83.0
1557,brit care cat kitten tuna fillets 70grs,1419300.0,747.0
171,pro plan puppy optistart small breed 7.5 kg.,1414700.0,43.0
1138,brit care cat fillets in gravy turkey & savory salmon 85 g,1401400.0,637.0
488,advantage gatos  4-8,1382850.0,105.0
928,monge mini p&j chicken de 3 kg,1371510.0,49.0
208,milpro gato x 2 comp + 2 kg,1357030.0,97.0
415,bravery salmon mini puppy small breed 2 kg,1348290.0,71.0
1231,brit care cat grain-free kitten healthy g&d 7 kg,1343760.0,24.0
278,poof! blue cloud chinchilla dust,1340500.0,70.0
1303,revolution gato 2.5-7.5 kg,1334110.0,89.0
277,profender cats spot-on pip. 2.5 a 5 kg.,1321320.0,91.0
1590,brit care cat kitten fillets in gravy with tender turkey 85 ,1320000.0,600.0
70,shampoo flt,1302000.0,105.0
968,body gato 0 verde,1301660.0,74.0
1717,royal canin mini puppy pouch 85 gr,1300140.0,558.0
784,nutribound gato 150 ml,1245000.0,83.0
692,cytopoint 40 mg iny 30-40 k,1244980.0,22.0
799,jaula aves med. diseños y colores,1224000.0,51.0
953,royal canin urinary s/o feline 1.5 kg.,1223660.0,59.0
1168,eukanuba puppy small breed 6.8 kg,1211410.0,23.0
693,royal canin medium adulto pouch 140 gr,1193100.0,615.0
1090,power gato de 4-8 kg,1176110.0,109.0
1191,royal can. obesity feline 1.5 kg.,1172490.0,51.0
59,afp classic justin castor,1172310.0,69.0
1099,cat love rasguðador  rampa ,1169350.0,65.0
933,bravery salmon puppy large/medium breed 4 kg,1160570.0,43.0
377,simparica 120 mg  x 3 tab. 40,1157760.0,27.0
964,gastrointestinal cat pouch 85 gr,1153300.0,607.0
1404,royal can. hepatic canine 2 kg.,1149720.0,44.0
334,capa arnè talla 3 cata pets,1146260.0,74.0
1238,rasguñador torre sky,1145130.0,7.0
585,pro plan puppy medium breed 7,1125600.0,24.0
833,apoquel 5,1115710.0,17.0
193,catit rasguðador  moderno jungla,1104150.0,85.0
736,bravecto 1.300 mg perro 40 a 56 kg,1075400.0,20.0
580,body gato 00 verde,1072990.0,61.0
1535,royal can. shn mini junior 7.5 kgr.,1045500.0,17.0
612,pro plan kitten 3kg ar,981990.0,27.0
1387,bravery chicken puppy large/medium breeds 12 kg,959840.0,16.0
1185,proplan adulto 7+active mind pollo pouch 100 gr,954800.0,434.0
251,milpro gatito x 2 comp 0.5 - 2 kg,939060.0,94.0
1869,fish sticks,911400.0,588.0
697,pidle place mazuri (baño perrito),893520.0,8.0
901,yorkshire terrier adulto  2.5kilo,884800.0,32.0
51,duo bowl black,864300.0,67.0
1417,brit care cat kitten (crazy) 2 kg,858600.0,54.0
345,nexgard x 3 tab. 10 a  25 kg,857740.0,26.0
758,brit care gf junior large breed salmon  12 kg,844870.0,13.0
104,poleron t/3 cata pets,835240.0,76.0
1223,drontal cat 2 comprimidos ,821130.0,101.0
1836,igloo dog house,812000.0,28.0
323,apoquel 3,802100.0,13.0
152,cytopoint 20 mg iny 10-20 k,800400.0,20.0
176,royal canin kitten sterelized pouch 85 gr,796860.0,342.0
1713,bravecto 1.000 mg perro 20 a 40 kg,794400.0,16.0
1774,eukanuba puppy small 7.5 kg,793050.0,15.0
471,canine i/d x  lata x 370 gms,783700.0,85.0
493,capa polar chiporro t/4 cata pets,780580.0,62.0
889,renal chicken cat pouch 85 gr,765700.0,403.0
1559,fel urinary chi pouch 85 gr,763800.0,402.0
374,pro plan gatos adulto salmon pouch 85,759580.0,326.0
77,power 1 p.  gato,745930.0,97.0
95,pawise rasguñador,739260.0,74.0
22,simparica 80 mg  x 3 tab. 20,732000.0,20.0
1071,bravecto gatos 6.25 a 12.5 kg,730800.0,21.0
230,i love you (my family),719960.0,41.0
82,naxpet suspencion 0,716900.0,107.0
1807,comedero interactivo multi feeder,713490.0,51.0
147,coastal sublime collar pink xs,702830.0,67.0
412,nexgard spectra 7,702810.0,19.0
1368,habitrail ovo mini,699900.0,10.0
281,pure comfort blanco 8.2 lt,699500.0,50.0
1289,jaula refugio peq. animales grande,695970.0,9.0
1389,seresto collar p/p hasta 8 kilos,671860.0,14.0
1777,monge medium p&j chicken de 3 kg,671760.0,24.0
1838,cama para perro azumpets,665820.0,18.0
7,casa igloo large,664300.0,70.0
1247,satiety feline pouch 85 gr,655500.0,345.0
621,seresto collar p/g mas de 8 kilos,635880.0,12.0
74,bravecto 250 mg perro 4,629400.0,20.0
1378,contralac 20 x 16 comp.,627660.0,18.0
274,bravery light iberian pork adult l/m breeds 4 kg,624750.0,25.0
216,poleron t/2 cata pets,619380.0,62.0
149,le salon esse. corta uða alicate s/cat,618480.0,72.0
1362,nexgard x 3 tab. 25- 50k,615860.0,14.0
625,brit care cat chicken breats with rice 70grs,615600.0,324.0
87,mamistop 100 gr. (gato),612500.0,98.0
338,royal canin mini puppy  2 kg fr,607680.0,32.0
1702,afp chill out mat de enfriamiento large,599880.0,12.0
521,adaptil kit enchufe + repuesto 48ml,599850.0,15.0
878,pack huron acare,593910.0,9.0
287,lw carpa animales mediana,591090.0,51.0
1715,nexgard x 3 tab. 4 a 10k ,588810.0,19.0
120,cytopoint 30 mg iny 20-30 k,582120.0,12.0
1524,afp lamb cuddle tail wand cat,576460.0,74.0
841,catit 2.0 fuente bebedera flor led 3 lt,557910.0,9.0
1285,royal canin  kitten 36,555390.0,27.0
1538,royal canin mini schnauzer adulto 2.5 kilo,553000.0,20.0
190,exo terra filtro int rept clear 150  ,545610.0,39.0
179,coastal maslow plato cobre martillado 1182 ml,540030.0,47.0
1029,brit care senior l&r 12 kg,539900.0,10.0
137,le salon essentials cepillo combinado sm,537740.0,46.0
776,royal can. fhn growth kitten 36 2kg.,535160.0,34.0
490,bravecto gato 2.8 a 6.25 kg,534990.0,17.0
123,coastal glow in the dark collar fish,534990.0,51.0
268,bravecto 112,532980.0,18.0
102,bozal gato a.doctor,532060.0,74.0
1577,veraflox   60 mg  x  7,532000.0,19.0
663,baño sanitario grande con cubierta gris,527880.0,12.0
506,pro plan puppy small breed 3kg ar,524110.0,17.0
1686,scalibor (collar antiparasitario),518760.0,18.0
425,royal canin feline urinary care 1.5 kg,517680.0,24.0
514,simparica 40 mg  x 3 tab. 10,516180.0,21.0
961,nexgard x 3 tab.  2 a 4 k  ,512810.0,19.0
1768,cerenia comp. 24 mg.,508140.0,27.0
269,apoquel 16 mg x 20 comprimidos,507960.0,12.0
1297,mixantip plus 50 gr,503790.0,21.0
1525,bravecto gato 1.2 a 2.8 kg,503370.0,17.0
469,jaula bella peq. animalles,499840.0,8.0
306,royal can early cardiac canine 2.0 kg.,496470.0,19.0
276,le salon essentials rasqueta larga,496340.0,46.0
1459,pileran gotas,488600.0,28.0
641,aquadent 250ml,488240.0,17.0
502,pack dieciochero perro adulto,482930.0,7.0
606,feliway kit enchufe,479880.0,12.0
397,jaula cage rabbit 100 grey,478740.0,6.0
423,fiprokill spray x 250 ml ,474810.0,19.0
125,coastal sublime collar teal stripe xs,472050.0,45.0
211,collar isabelino 12.5 cm nº(2),471500.0,82.0
1256,posatec,466740.0,18.0
1783,feliway spray 60ml,465780.0,14.0
972,furminator long hair deshedding tools for cat,464400.0,12.0
1733,revolution perro 10-20 kg,461780.0,22.0
180,coastal maslow  plato paw gris 828 ml,461560.0,44.0
863,catlove raton mecanico azul,461340.0,66.0
1103,bravecto 500 mg perro 10 a 20 kg,452400.0,13.0
1216,amity sp low grain chicken puppy 4 kg,449750.0,25.0
160,hidrocortisona spray 76ml,447520.0,16.0
942,bravery chicken mini puppy small breeds 2 kg,441740.0,26.0
1102,zd neopro blue cat collar,440800.0,76.0
336,adaptil collar small hasta 10 kg  ,439350.0,15.0
1176,mazuri tubo huron,438900.0,10.0
710,collar isabelino 10 cm nº(1),436500.0,97.0
475,neptra solucion otica,435490.0,11.0
290,adaptil collar largue hasta 50kg  ,431470.0,13.0
694,canine k/d x  lata x 370 gms,430640.0,56.0
1300,exo terra placa calefactora 25 w,429900.0,10.0
1257,laguna cat collar,421436.12,86.0
384,pack cuy  animal care,420800.0,5.0
1565,catit baño jumbo para gatos,416080.0,8.0
106,clindabone,415840.0,16.0
618,feliway friends repuesto,411190.0,13.0
177, repti resercoir ,408760.0,44.0
1234,royal canin renal adulto felino 1,405900.0,18.0
1178,revolution perro 20-40 kg,405860.0,14.0
313,previcox 227mgx10c0mp,405340.0,13.0
1158,allercalm,405090.0,21.0
764,zd army green cat collar,401800.0,82.0
1084,adaptil spray 60 ml,400000.0,16.0
348,dreamwell cama rectangular gris/blanco,399900.0,10.0
1455,advocate 1 x o.8,399840.0,16.0
319,simparica 10 mg  x 3 tab. 2,397670.0,19.0
1116,simparica 80 mg  x 1 tab. 20,396500.0,26.0
877,coastal k9 explorer arnes acolchado naranja m,395890.0,11.0
1668,feliway friends repuesto mas difusor 48ml,395890.0,11.0
1137,smart fun chaqueta outdoor c/arnes xl,395880.0,12.0
755,jaula refugio hamster m,394160.0,8.0
1335,coastal k9 explorer arnes acolchado zafiro s,389850.0,15.0
331,pro plan kitten 1kg ar,389760.0,29.0
143,lw bebedero vidrio  eco +  - 177 ml,389090.0,41.0
30,casa igloo medium,382140.0,66.0
134,botella 1000 ml peq animales,382050.0,45.0
343,artriofin 88 mg. x 10 comp.,379260.0,21.0
1681,zd army green adjustable air mesh harness medium,379200.0,8.0
783,jaula cage cavie 80 grey,377940.0,6.0
656,synulox 250 mg,377750.0,25.0
1719,brit pate & meat turkey 400 g,372470.0,119.0
1381,frontline plus pipeta perro 40-60 kg.,371640.0,19.0
1415,zd neon coral adjustable air mesh harness large,369600.0,14.0
19,brit pate & meat duck 800 gr,364000.0,56.0
1680,karsivan 50 mg,359900.0,10.0
52,collar isabelino 40 cm nº(7),359800.0,20.0
43,zeedog neopro bubblegum cat collar,359600.0,62.0
1237,pro plan puppy medium breed 1kg ar,359040.0,33.0
430,ciprovet x 5 ml,357900.0,15.0
1171,pawise peluche unicornio con catnip,353430.0,77.0
1410,columbia cat collar,352830.24,72.0
631,afp modern cat flash,351750.0,75.0
89,royal canin kitten sterilised 2kg,350400.0,16.0
50,afp modern cat surf,350350.0,65.0
571,allermyul,350030.0,17.0
472,bravery salmon puppy large/medium breed 12 kg,349950.0,5.0
307,zeedog fatboy ruff leash small,349280.0,16.0
476,veraflox    15mg  x 7,348500.0,17.0
368,jaula refugio hamster s,347310.0,9.0
201,zeedog gotham cat collar,346480.0,71.0
707,rimadyl 100 mg x 14 tabletas ,346350.0,15.0
531,apache cat collar,343029.4,70.0
210,zd bordeau cat collar,343000.0,70.0
1235,drontal cat pote clinico x un,342160.0,104.0
1220,zeedog ella collar cat,341600.0,70.0
1211,wicked flyharness size 4,341102.7,9.0
1010,furminator short hair deshedding tools for dog,340020.0,9.0
498,rasguñador con guarida tigre,339960.0,4.0
891,parker cat collar,338128.98,69.0
762,cuna india chica catapet,335270.0,13.0
837,previcox 57 mg x  10 comp,334050.0,15.0
1654,power ultra  41 - 60 kg,333580.0,26.0
798,jaula cage cavie 60,330660.0,9.0
1027,nutribound perro 150 ml,330000.0,22.0
148,cytopoint 10 mg iny 3-10 k,329880.0,12.0
513,baytril comp.50 un,328680.0,18.0
1640,habitrail kit mini,327920.0,8.0
205,royal canin fhn light -17%,327520.0,16.0
85,ehlifloxacino 150 ml x 10,326560.0,16.0
763,zeedog neopro tangerine cat collar,323400.0,66.0
715,body cobre talla 6 ( 7 - 9 kg ),320000.0,20.0
196,bayticol collar 35cm,319800.0,20.0
449,ocubiotic colirio,319390.0,19.0
850,zd skull 2.0 cat collar,318500.0,65.0
652,nexgard spectra x 1 tabl. mast.15,318000.0,20.0
1561,zeedog atlanta collar cat,317200.0,65.0
1250,baytril  150 mg,315000.0,15.0
265,coastal k9 explorer trailla naranja 1,314900.0,10.0
671,bliss adjustable air mesh harness large,313100.0,10.0
779,zeedog phantom collar cat,312320.0,64.0
1282,collar gato elasticado a.doctor,312050.0,79.0
752,collar gato brillantes a.doct.,312050.0,79.0
363,daily stuff transportadora route 2,311880.0,12.0
223,furminator short hair deshedding tools for dog,309600.0,8.0
1684,zd midnight cat collar,308700.0,63.0
220,l.w. bebedero hermetico 100 ml,306820.0,58.0
640,nexgard 136mg x 1 tab. masticable 25-50k,306300.0,15.0
158,blocks cat collar,303826.04,62.0
1224,fiprokill spray x 100 ml ,303810.0,19.0
1437,zd violet air-leash,303200.0,8.0
382,stomorgyl 2 x 10 comp,302940.0,22.0
482,coastal circle-t collar redondo cuero rustico chocolate 55 c,300190.0,11.0
1630,habitrail retreat kit,299940.0,6.0
583,pawise mat de enfriamiento l 90x50 cm,299900.0,10.0
357,dreamwell cama donut gris-blanca,299880.0,12.0
1662,sand cat collar,298900.0,61.0
902,catapet cama chiporro gde. nº3,296890.0,11.0
1341,biotivet plus 200 mg x 10 comp,293930.0,17.0
582,jaula transporte pratiko metal 2,293100.0,10.0
1629,afp modern cat candy,291720.0,68.0
26,ratón portagolosina violeta,290780.0,62.0
388,stomorgyl 10 x 10 comp,289080.0,11.0
1115,royal recovery rs 165 grs. (lata),288640.0,88.0
245,coastal k9 explorer arnes acolchado zafiro m,287920.0,8.0
1124,nexgard 28,287760.0,24.0
644,harvest stacks timothy/chamomile 1 kg,286680.0,12.0
929,parka t/7 cata pets,285600.0,12.0
117,proplan kitten 3 kg,284700.0,13.0
768,lw transportadora peq. animales salmon/g,281880.0,12.0
1083,coastal lazer brite trailla lime skulls l 1.8m,281490.0,11.0
1049,habitrail ovo suite,279960.0,4.0
1057,dreamwell cama rectangular gris/blanco,279930.0,7.0
242,coastal k9 explorer arnes acolchado zafiro l,279930.0,7.0
906,afp mighty rex rinoceronte,279900.0,10.0
463,zeus bozal alpha  xl ,279900.0,10.0
958,ehlifloxacino (enrofloxacino 50 mg.),278920.0,19.0
441,tears lagrimas artificiales 8 ml.,278000.0,20.0
394,pawise pasto sanitario 43 x 67 cm,275940.0,6.0
215,recarga enchufe feliway,275000.0,11.0
1669,afp travel dog arnes seguridad l,274890.0,11.0
1281,simparica 5 mg  x 3 tab. 1,274120.0,14.0
188,zd candy adj. air mesh harness large,272240.0,8.0
885,habitrail ovo loft,269970.0,3.0
55,coastal comfort soft arnes lima m,269910.0,9.0
1023,daily stuff cama nido estilo garra,269910.0,9.0
342,labyes tears,269850.0,15.0
1492,jg air wand con juguete,266860.0,11.0
1067,brit pate & meat puppy 400 g,266050.0,85.0
1485,gotham flyharness size 4,265302.10000000003,7.0
1517,timothy bungalow m,265300.0,7.0
528,zd blue air-leash,265300.0,7.0
1126,complete grain free ferret diet 2.5kg.,264530.0,7.0
1416,bordeau adj. air mesh harness large,264000.0,10.0
1656,zd bordeau adjustable air mesh harness medium,262900.0,11.0
480,zd volt adj. air mesh harness medium,262900.0,11.0
1306,cama cubo chica cata pet,261840.0,12.0
275,revolution perro 5-10 kg,261800.0,14.0
1112,body cobre talla 4 ( 4,261000.0,18.0
921,comedero interactivo garra marrón y azúl,260390.0,13.0
301,afp mighty rex toro,259900.0,10.0
1731,hematon b12 jarabe 100ml,258910.0,17.0
1091,cerenia comp. 60 mg.,256960.0,11.0
1157,cama chiporro xl catapet,255920.0,8.0
820,coastal sublime collar diamond l,254850.0,15.0
1736,timoty clubbungalow-l,254500.0,5.0
1592,le salon essentials peine combinado smal,253900.0,10.0
154,revolution perro 2-5 kg,253350.0,15.0
500,coastal k9 explorer arnes acolchado guinda m,251930.0,7.0
1203,nexgard spectra 1 tab 7,251820.0,18.0
436,jaula tubby pequenos animales,251300.0,7.0
1355,shampoo regepipel plus 150 ml,249840.0,24.0
949,rimadyl 25 mg x 14 tabletas ,249760.0,14.0
1661,marina termocalefactor pre-set 100w -22c,247920.0,8.0
1599,brit care gf puppy salmon 1 kg,246210.0,29.0
298,afp fetch dog n treat,244510.0,7.0
462,pawise bola para golosinas gato,243390.0,61.0
497,ampolleta repti glo 5.0 tropical13 w,242910.0,9.0
455,furminator long hair deshedding tolls cat,242730.0,9.0
914,planet dog snoop naranja,241890.0,11.0
1532,furminator short hair deshedding tools for dog,241570.0,7.0
360,frontline pipeta perro 20-40kg,240660.0,14.0
1586,respig jarabe,240500.0,25.0
982,ampolleta repti glo 5.0 tropical 26 w,239920.0,8.0
21,ultrafil plusx 20ml gotas,239850.0,15.0
761,cuerda anudada tricolor s,239760.0,81.0
1195,wicked flyharness size 5,239397.0,6.0
897,nexgard 68mg x 1 tab.masticable 10-25k,239220.0,18.0
139,pink led adjustable air mesh harness medium,239000.0,10.0
551,zd candy adj. air mesh harness medium,239000.0,10.0
1566,kertesin 20 mg,238440.0,12.0
1701,meloxivet 60 ml,238400.0,16.0
1571,frontline 100 ml,237830.0,17.0
1100,zd smash adjustable air mesh harness large,237600.0,9.0
639,zd mahalo adjustable air mesh harness large,237600.0,9.0
27,sanitario gato miso,237420.0,9.0
1683,oftal 50 ml.,236930.0,19.0
1475,cama cubo grande cata pet,236530.0,7.0
1716,pink led leash small,236300.0,17.0
1261,coastal lazer brite trailla lime skulls m 1.8m,235080.0,12.0
1601,simparica 120 mg  x 1 tab. 40,234960.0,12.0
1436,habitrail ovo home azul,234950.0,5.0
1422,botella 250 ml peq animales,234530.0,47.0
272,go buggy,234500.0,50.0
1497,zeedog tuff bowl black,233100.0,9.0
1609,zeedog tuff bowl coral,233100.0,9.0
842,body cobre talla 3 ( 3- 4,232000.0,16.0
643,le salon essentials peine desenredar,230890.0,11.0
1419,dog bust-it elimina olor y manchas 710ml,230880.0,12.0
1174,shampoo petever,229860.0,18.0
1544,frontline 250 ml,227880.0,12.0
466,zd crimson air-leash,227400.0,6.0
418,glicopan 125mlcu,226620.0,18.0
1580,dogit alfombrilla educadora  medium 50u,226490.0,11.0
402,parla roja a.c  m,225700.0,10.0
1674,collar isabelino 30 cm nº(6),225360.0,24.0
1357,endogard 30 15/30kilos x 2 tabletas,225150.0,15.0
910,arnes de seguridad para auto talla: m,223860.0,14.0
1732,mother and babycat 1.5 kg,223630.0,11.0
1670,doximicin 100 mg. x 10 comp.,223440.0,19.0
1164,cama zapato gde. cata pets,222530.0,7.0
932,zeedog ella leash small,222400.0,16.0
1352,zd midnight h-harness small,222400.0,16.0
1769,koralen 20 mg (oral),221620.0,14.0
295,coastal sublime collar cubes l,220870.0,13.0
1143,itraskin susp. oral 120 ml,220870.0,13.0
1345,ehliprofeno 20 mg x 10 comp,219940.0,14.0
385,repelente exteriores perro/gato -500ml,219900.0,10.0
136,planet dog guru purpura,219890.0,11.0
754,dermisolona 30 ml suspensión,219750.0,15.0
668,zd midnight leash large,219700.0,13.0
33,frontline plus pipeta perro 10-20 kg.,219200.0,20.0
232,zd army green soft-walk harness large,219000.0,10.0
202,honey h-harness large,218904.40000000002,11.0
1016,zeedog atlanta h-harness large,218130.0,11.0
18,body cobre talla 1,216000.0,16.0
1763,habitrail twist kit,215960.0,4.0
590,power ultra  21 - 40 kg,215840.0,19.0
918,ronaxan 100 mg  x 10 comp.,215800.0,13.0
1703,afp litte buddy blanky piggy,215670.0,13.0
355,coastal sublime trailla flower teal/teal stripe,215490.0,11.0
814,zd neon coral adjustable air mesh harness medium,215100.0,9.0
665,zeedog maze adjustable air mesh harness medium,215100.0,9.0
547,transportin avior,214800.0,6.0
108,brit mono protein lamb & rice 400 g,212400.0,59.0
1534,mamistop 250 gr. (perro),212040.0,18.0
284,zd volt adj. air mesh harness large,211200.0,8.0
728,sand adjustable air mesh harness large,211200.0,8.0
512,bow tie black (my family),210720.0,12.0
615,catit 2.0 fte bebedera flor mini 1.5lt,209950.0,5.0
1453,dogit cable enganche 4.5m mas estaca,209900.0,10.0
80,planet dog mazee verde,209900.0,10.0
1141,rostrum otico x 15ml gotas,209440.0,17.0
801,ofloxacino 0.3 x 10 ml.,209000.0,11.0
980,coastal k9 explorer arnes acolchado naranja s,207920.0,8.0
748,"zeus bozal alpha ""l""",207920.0,8.0
1036,zd ella adjustable air mesh harness medium,207120.0,8.0
589,cama zapato- mediano catapet,206320.0,8.0
38,power ultra 5 - 10 kg,204930.0,23.0
800,transimed x 15 ml,204320.0,16.0
1770,zd bordeau adjustable air mesh harness large,204180.0,6.0
510,zeedog nara leash large,202800.0,12.0
378,zd artsy h-harness medium,202800.0,12.0
1228,frontline plus pipeta perro 20-40 kg.,201500.0,13.0
945,black big circle  bone (my family),201370.0,13.0
852,frontline plus pipeta perro 2-10 kg.,201080.0,22.0
1427,zd ella adjustable air mesh harness large,200200.0,7.0
1040,sucravet,199900.0,10.0
892,le salon cepillo alisador autolimpiante,199900.0,10.0
857,afp travel dog arnes seguridad m,197910.0,9.0
1400,power 1 p. 21-40 kg,197820.0,18.0
965,parka t/6 cata pets,197010.0,9.0
1298,ocubiotic,195860.0,14.0
1697,drontal plus 35kg,195300.0,14.0
1122,furminator short hair deshedding tools for cat,193980.0,6.0
422,cream labrador  (my family),193160.0,11.0
351,white persian  (my family),193160.0,11.0
439,zeedog phantom adjustable air mesh harness small,193000.0,10.0
1081,perfume sir dog musk 80 ml.,192850.0,19.0
250,body cobre talla 5 ( 5,192000.0,12.0
987,zeus bozal alpha  m ,191920.0,8.0
1426,coastal lazer brite collar rainbow hearts l,191880.0,12.0
183,high range reptile thermometer,191520.0,48.0
121,zd bordeau ruff leash large,191200.0,8.0
853,zd hawkins stranger  adj. air mesh harness medium,191200.0,8.0
1473,baño p/gato prima (cerrado),190710.0,9.0
1319,zd cali dos air-leash,189500.0,5.0
574,afp treat hider ardilla,186890.0,11.0
291,drontal puppy  ,186150.0,17.0
527,zd artsy leash large,185900.0,11.0
1077,pink big circle bone (my family),185880.0,12.0
1035,zd phantom adjustable air mesh harness large,184800.0,7.0
1182,comedero interactivo gato planta blanco y verde,181800.0,10.0
356,zeedog neopro bubblegum leash large,180960.0,8.0
219,light blue glam paw (my family),180300.0,5.0
1263,simparica 20 mg x 3 tab. 5,180270.0,9.0
1284,royal can. hepatic canine 1.5 kg.,179900.0,10.0
198,planet dog lil snoop royal,179900.0,10.0
101,ratón portagolosina rosado,179400.0,60.0
781,zd smash h-harness large,179100.0,9.0
711,zd army green h-harness large,179100.0,9.0
788,zeedog brain fried,178470.0,9.0
1602,zeus arnes fig.h  xl  grafito,177900.0,10.0
1123,zeus arnes fig.h xl rojo,177900.0,10.0
1105,coastal sublime trailla chevrons/navy,176310.0,9.0
90,coastal lazer brite trailla rainbow hearts m 1.8m,176310.0,9.0
406,coastal lazer brite collar lime skulls l,175890.0,11.0
213,coastal maslow  plato paw azul 1596 ml,175890.0,11.0
302,moon (my family),175600.0,10.0
34,daisy (my family),175600.0,10.0
1541,body perro 6 verde,175520.0,8.0
1676,body cobre talla 0,175500.0,13.0
1639,doximicin jarabe x 60 ml,174420.0,17.0
588,zeedog neon coral handsfree leash,174300.0,7.0
5,royal canin renal support felino lata 145 gr,173550.0,65.0
1407,timothy tunel,172200.0,7.0
244,canine i/d lata x low fat 370 grs,171600.0,40.0
437,dragoxilo 220 mg  x 10 comp.,170160.0,12.0
540,zeedog fatboy soft-walk harness medium,169560.0,9.0
591,zd midnight h-harness medium,169000.0,10.0
1130,zeedog atlanta leash large,168400.0,10.0
1714,zeedog phantom h-harness medium,168400.0,10.0
806,afp chill out ice bandana,167860.0,14.0
1723,zd army green ruff leash large,167300.0,7.0
815,puzzle ruff leash large,167300.0,7.0
1398,blast h-harness small,166800.0,12.0
884,capa arnè talla 4 cata pets,164900.0,10.0
564,zeedog neopro bubblegum collar large,163350.0,11.0
1315,daily stuff cama peluche,160930.0,7.0
1199,coastal maslow  plato pup rosado 1596 ml,159900.0,10.0
786,jaula transporte pratiko metal 1,159530.0,7.0
231,zd army green soft-walk harness small,159500.0,11.0
110,petever plus oral,158220.0,18.0
1496,fox terrier (my family),158040.0,9.0
283,chocolate labrador  (my family),158040.0,9.0
1682,power 1 p. 11-20 kg,156230.0,17.0
386,brit mono protein turkey 400 g,154800.0,43.0
1374,zd midnight adjustable air mesh harness small,154400.0,8.0
1007,fritz adjustable air mesh small,154400.0,8.0
1015,zd bordeau h-harness small,152900.0,11.0
1343,blast leash small,152900.0,11.0
1317,zeedog mahalo leash small,152350.0,11.0
691,zd army green h-harness medium,152100.0,9.0
1757,zd bordeau leash large,152100.0,9.0
944,shampoo alerdrag,151500.0,15.0
1302,zeedog same h-harness large,151200.0,8.0
741,fp atlas 20 / transportadora 58x37x32h cm,150420.0,6.0
1391,mixantip plus 15 gr,149850.0,15.0
636,colirama viral x 10 ml.,149240.0,7.0
1450,zd neopro blue collar large,149000.0,10.0
1612,ehlimoato,147810.0,13.0
1086,"zeus bozal alpha ""s""",146930.0,7.0
1693,frontline plus pipeta gato,146240.0,16.0
1730,nexgard 11,145990.0,13.0
572,afp classic orel conejo,143910.0,9.0
705,ursovet 60 ml,143850.0,15.0
1120,zeedog atlanta adjustable air mesh harness medium,143400.0,6.0
529,zd midnight adjustable air mesh harness medium,143400.0,6.0
576,zeedog zee.pad grey 30 unid.,142720.0,8.0
666,zeedog phantom collar large,141460.0,11.0
911,perfume sir dog lady 80 ml.,141260.0,14.0
105,dermisolona 20mg x10 com,140940.0,9.0
1432,body perro 0 verde,140720.0,8.0
1181,le salon esse corta uða alicate l/dog,140690.0,11.0
1551,ladybug (my family),140480.0,8.0
126,afp treat hider perro,140310.0,9.0
1020,zeus bozal alpha  xs ,139930.0,7.0
769,coastal sparkle collar broche metal  azul xs,139900.0,10.0
1024,afp chill out ice bandana,139900.0,10.0
840,collar isabelino 20 cm nº(4),139800.0,20.0
685,zd skull 2.0 h-harness large,139300.0,7.0
315,zeedog phantom h-harness large,138810.0,7.0
448,brit care cat sterilized tuna pate with shrimps 70grs,137600.0,86.0
927,sand leash large,135200.0,8.0
144,zd skull 2.0 h-harness medium,135200.0,8.0
703,zd neon coral leash large,135200.0,8.0
303,zd skull 2.0 leash large,135200.0,8.0
939,columbia leash large,135200.0,8.0
858,zd smash adjustable air mesh harness small,135100.0,7.0
593,bliss adjustable air mesh harness small,135100.0,7.0
1136,zd ella adjustable air mesh harness small,135100.0,7.0
600,arnes nacional extra grande a. doctor,134260.0,14.0
827,black & tan dachshund (my family),133300.0,10.0
8,arnes nacional grande a. doctor,131040.0,16.0
940,afp lamb dog cuddle con nudos,130410.0,9.0
750,coastal new earth collar de soya fucsia xs,128660.0,14.0
995,furminator grooming rake for dog/cat,128200.0,10.0
115,collar isabelino 25 cm nº(5),127500.0,15.0
1542,zeedog skull leash small,127000.0,10.0
1276,allerderm spot  hasta 10 kg (un),126500.0,23.0
390,pawise holow hipopotamo,125820.0,18.0
256,brit pate & meat salmon 400 gr,125200.0,40.0
1598,exo terra placa calefactora 8 w,124950.0,5.0
1101,zeedog neopro bubblegum h-harness small,124880.0,7.0
586,zeedog phantom leash small,124650.0,9.0
340,zeedog deep blue handsfree leash,124500.0,5.0
1142,afp chill out pista hielo,123950.0,5.0
803,nanormen perros-gatos 20ml pirantel 5%,123450.0,15.0
39,advantix 10-25 kg ,123090.0,11.0
96,red big circle bone (my family),123000.0,10.0
1648,zeus arnes fig.h  l  azuldenim,122310.0,9.0
1186,exo terra ampolleta infraroja 50 w.,121410.0,9.0
1026,capa polar chiporro t/0 cata pets,120770.0,13.0
438,zeedog brain dead,120000.0,12.0
1249,zeedog mahalo adjustable air mesh harness medium,119500.0,5.0
197,zd honey adjustable air mesh harness medium,119500.0,5.0
255,zd artsy h-harness large,119400.0,6.0
802,coastal sublime collar teal stripe l,118930.0,7.0
770,zeedog mahalo h-harness extra small,118600.0,10.0
731,blocks h-harness medium,118300.0,7.0
218,zeedog phantom leash large,118300.0,7.0
1679,zeus nosh hueso duro sabor tocino m,116870.0,13.0
988,zeus nosh hueso flex cachorro sabor pollo m,116870.0,13.0
1000,afp litte buddy comforting gator,116720.0,8.0
696,zeedog mahalo adjustable air mesh harness small,115800.0,6.0
743,ultimate blue adjustable air mesh harness small,115800.0,6.0
1021,zeedog maze adjustable air mesh harness small,115800.0,6.0
1418,zeedog tarot adjustable air mesh harness small,115800.0,6.0
1549,zeedog ella collar large,115740.0,9.0
698,simparica 5 mg  x 1 tab. 1,115360.0,14.0
1342,small heart aluminum blue (my family),114080.0,16.0
989,coastal comfort soft arnes azul s,113940.0,6.0
1358,coastal comfort soft arnes morado s,113940.0,6.0
985,coastal lazer brite collar diamond,113880.0,12.0
458,zd carbon air-leash,113700.0,3.0
170,military big (my family),113600.0,10.0
1189,parka t/3 cata pets,113340.0,6.0
1087,coastal style trailla brown paw l 1,113310.0,9.0
1778,zeedog phantom air mesh plus harness medium,112150.0,5.0
3,zd neon coral leash small,111200.0,8.0
1232,dipramida 0,110330.0,17.0
542,"zeus arnes fig.a ""m"" celeste",109900.0,10.0
1522,shampoo traper espuma seca perro 170 cc,109780.0,22.0
86,happy home repelente para mascotas 1 lt.,109780.0,11.0
1740,happy home biocontrolador 1 lt.,109780.0,11.0
309,zd artsy collar medium,109000.0,10.0
299,zeedog phantom collar medium,109000.0,10.0
831,marina termocalefactor pre-set 50w- 15cm,107960.0,4.0
1615,gumi juguete mastica/limpia congelable-s,107910.0,9.0
64,zeedog honey adjustable air mesh harness extra small,105700.0,7.0
330,miracanis pasta ,105560.0,14.0
1614,nm jfc urine destroyer quart cat,105520.0,8.0
1575,zeedog cyclops,105420.0,7.0
1507,bichon frise (my family),105360.0,6.0
990,heart i love my dog (my family),105360.0,6.0
1202,adiestrador de cachorros -500ml,104930.0,7.0
516,planet dog zanahoria,104930.0,7.0
1294,coastal glow in the dark collar cat,104900.0,10.0
757,coastal style collar tropical flower l,104900.0,10.0
289,coastal k9 explorer arnes acolchado guinda s,103960.0,4.0
792,zd smash collar large,103200.0,8.0
1009,parka t/8 cata pets,103160.0,4.0
849,dispensador alimento maya l / (1500),102300.0,10.0
1307,lw tunel peq. animales,102120.0,6.0
224,zeedog gotham air mesh plus harness extra small,101600.0,8.0
1569,bliss h-harness medium,101400.0,6.0
737,zd neon coral h-harness medium,101400.0,6.0
1478,blast h-harness medium,101400.0,6.0
1041,lola h-harness medium,101400.0,6.0
191,zeedog ella leash large,101040.0,6.0
411,zeedog mahalo leash large,101040.0,6.0
774,zeedog mahalo h-harness medium,101040.0,6.0
169,casa igloo small (hamster),100320.0,48.0
1013,alfombrilla 30 unid,99900.0,10.0
745,zd army green handsfree leash,99600.0,4.0
1301,zeus arnes fig.a  m  azuldenim,98910.0,9.0
967,naxpet 30 mg x 10 comp. raza gde.,98720.0,8.0
704,laguna collar medium,98103.59999999999,9.0
1197,honey leash extra small,98103.59999999999,9.0
207,zd artsy h-harness small,97300.0,7.0
103,sand h-harness small,97300.0,7.0
753,zd army green h-harness small,97300.0,7.0
399,zeedog atlanta leash small,96950.0,7.0
1038,multi-color pet playpen,96850.0,5.0
1457,pink led adjustable air mesh harness small,96500.0,5.0
501,repelente interiores perros-300ml,95940.0,6.0
719,zeedog prisma adjustable air mesh harness medium,95600.0,4.0
851,zeus arnes fig.h  l  rojo,95130.0,7.0
1064,zd army green collar extra small,94800.0,12.0
324,dogit repuesto filtro carbon (91400),94590.0,9.0
796,zeedog salina h-harness large,94500.0,5.0
1337,capa polar chiporro t/5 cata pets,94430.0,7.0
984,coastal lazer brite collar lime skulls s/m,94410.0,9.0
523,revolution plus 0.25 ml (1.25 a 2.5 kg) x 1p,93690.0,9.0
1098,chip animall tag,93500.0,11.0
1271,small bone aluminum blue (my family),92690.0,13.0
468,big bone golden brass (my family),92000.0,10.0
1540,catit rasguðador  banca ,91960.0,4.0
1484,afp pups perrito mini,91920.0,8.0
926,calmedrag 30 comp.,91920.0,8.0
1019,zeedog skull h-harness medium,91800.0,6.0
98,correa retractil,90930.0,7.0
286,zd neon coral adjustable air mesh harness extra small,90600.0,6.0
650,zd midnight adjustable air mesh harness extra small,90600.0,6.0
1356,dog a dent cepillo,90580.0,14.0
370,nm advanced stain & odor eliminator,90350.0,5.0
518,zd artsy collar large,90300.0,7.0
550,zd neon coral collar large,90300.0,7.0
10,soporte carpeta orientadora borde-plasti,90260.0,2.0
317,gastroenteril x 120 ml ,90090.0,7.0
1080,coastal comfort soft arnes morado m,89970.0,3.0
481,afp doggies zapato oveja,89950.0,5.0
1471,fp atlas 10 / transportadora 48x32,89940.0,6.0
167,nm alfombrilla training 50 un,89940.0,6.0
1205,mm tirebiterii small 9.5 cm c/cuerda,89910.0,9.0
941,nutrafin limpiador biologico 120ml,89900.0,10.0
1729,zeedog neopro green h-harness large,89600.0,4.0
1243,repelente de gatos spray int.,89530.0,7.0
1560,blast collar small,89100.0,9.0
129,zd artsy collar small,89100.0,9.0
1251,zeedog skull h-harness small,88900.0,7.0
1584,zeedog super pear,88830.0,9.0
1380,coastal style trailla red bones m 1,88130.0,7.0
1443,coastal style trailla pink dots l 1,88130.0,7.0
1409,paracan cachorro 15 ml,88020.0,18.0
97,nexgard spectra 1 tabl.masticable 2,87920.0,8.0
1349,le salon essential cepillo carda small,87920.0,8.0
1109,pawise hipopotamo con tirador,87890.0,11.0
372,padlock (my family),87800.0,5.0
816,zd puzzle ruff leash small,87600.0,4.0
1508,lw bebedero vidrio  eco +  - 355 ml,87480.0,9.0
1259,coastal sublime collar pink s/m,87430.0,7.0
533,zeedog gotham ruff leash small,87320.0,4.0
1073,zeedog chroma leash extra small,87200.0,8.0
1288,body cobre talla 2 ( 2 - 3 kg ),87000.0,6.0
1278,hartz jfc twirl & whirl cat toy,86970.0,13.0
563,zeedog prisma leash extra small,86880.0,8.0
217,cordon amarre 16 mm (largo)  a. doctor,86310.0,9.0
1425,florafix pet pasta probiotico 15 grs,85520.0,8.0
1772,le salon eesentials cepillo de goma oval,85410.0,9.0
447,timothy carrot,85410.0,9.0
1066,gumi juguete mastica/limpia congelable-m,84950.0,5.0
1148,coastal sublime collar purple l,84950.0,5.0
1677,honey leash large,84502.0,5.0
1588,ultimate blue leash large,84500.0,5.0
854,bliss leash large,84500.0,5.0
915,zeedog prisma h-harness medium,84500.0,5.0
1547,zd smash h-harness medium,84500.0,5.0
1129,zeedog split leash large,84500.0,5.0
1636,zeedog gotham h-harness medium,84200.0,5.0
1033,zeedog prisma leash large,84200.0,5.0
979,afp chill out mat de enfriamiento medium,83970.0,3.0
1491,dreamwell cama redonda gris/blanco 56cm,83970.0,3.0
365,daily stuff transportadora route 1,83940.0,6.0
145,pawise arnes y cinturon de seguridad m,83940.0,6.0
47,poleron t/4 cata pets,83930.0,7.0
1564,nexgard spectra 1 tab 3,83930.0,7.0
909,pawise fetch it  hipopotamo,83880.0,12.0
0,zeedog nara leash small,83400.0,6.0
664,zeedog tarot leash small,83400.0,6.0
1348,zd artsy leash small,83400.0,6.0
375,ultimate blue leash small,83400.0,6.0
1754,heno de hierba de huerto 425gr,83340.0,9.0
118,zd neon coral leash + harness set,83300.0,7.0
873,zeedog prisma h-harness small,83100.0,6.0
1468,zeedog phantom harness + leash set,83020.0,7.0
1691,zeedog ella h-harness extra small,83020.0,7.0
1070,coastal new earth trailla de soya indigo 1,82140.0,6.0
1061,simparica 40 mg  x 1 tab. 10,81920.0,8.0
454,afp doggies pantufla perro,81830.0,7.0
297,dogit alfombrilla educadora  medium 30un,80940.0,6.0
1518,advantix 4-10 kg,80910.0,9.0
1140,pishio auricular,80500.0,7.0
608,zeus collar semifijo  xl  rojo,80430.0,7.0
63,dreamwell cama rectangular woof azul,79980.0,2.0
1746,white european shorthair (my family),79980.0,6.0
871,big bone bronx studs xl (my family),79980.0,6.0
894,afp classic felicy ardilla,79950.0,5.0
452,afp chill out ice bandana,79950.0,5.0
1608,coastal maslow  plato paw rosado 1596 ml,79950.0,5.0
791,coastal comfort soft arnes azul xs,79950.0,5.0
1266,le salon esse. corta uða alicate l/cat,79920.0,8.0
738,hartz chew n clean tuff bone dog toy - large,79900.0,10.0
981,columbia leash small,79500.0,5.0
1704,zeedog prisma h-harness large,79320.0,4.0
235,zd artsy adjustable air mesh harness large,79200.0,3.0
1290,zd honey adjustable air mesh harness large,79200.0,3.0
1505,zeus trailla dobl asa  m  coral 1,79200.0,11.0
42,le salon essentials guante para cepillar,79200.0,6.0
1037,zd army green adjustable air mesh harness large,79200.0,3.0
695,zeedog phantom collar small,79200.0,8.0
1320,oftavet,78640.0,4.0
866,small round aluminum red (my family),78430.0,11.0
1149,comedero interactivo hexágono azul,78360.0,4.0
660,coastal sublime trailla flower pink/pink,78360.0,4.0
917,biopower,77990.0,11.0
504,vp tuffy ocean creature whale 7.6x20.3x30.5 cm/ts8,77940.0,6.0
1469,zeus collar ajustable  xl  rojo,77900.0,10.0
845,bowl 20 cm,77870.0,13.0
1605,hartz frisky frolic dog toy,77870.0,13.0
1620,collar isabelino 15 cm nº(3),77400.0,12.0
829,zeedog nara adjustable air mesh harness small,77200.0,4.0
316,zeedog prisma adjustable air mesh harness small,77200.0,4.0
1603,zd artsy adjustable air mesh harness small,77200.0,4.0
261,zeedog zee.mat black,77160.0,6.0
1428,zeedog mahalo collar large,77160.0,6.0
1314,zeedog prisma collar large,77160.0,6.0
1610,advantage gatos <4 kg,77130.0,9.0
288,zeus arnes fig.a  m  rojo,76930.0,7.0
844,zeedog pipp,76860.0,7.0
1441,senses desing circuito rapido luminoso,76760.0,4.0
409,zeedog poop bags refill box (w/4 rolls),76700.0,13.0
393,zd army green adjustable air mesh harness small,76560.0,2.0
1025,l.w. bebedero hermetico 400 ml,76410.0,9.0
922,big bone pink,76300.0,7.0
135,zd smash collar medium,76300.0,7.0
978,zd skull 2.0 collar medium,76300.0,7.0
674,zd army green collar medium,76300.0,7.0
1359,zeedog peppermint leash extra small,75998.16,8.0
924,capa polar chiporro t/8 cata pets,75560.0,4.0
1133,coastal style trailla red bones l 1,75540.0,6.0
883,coastal style trailla resolve m 1,75540.0,6.0
1262,"zeus trailla dobl asa ""m"" rojo 1",75510.0,9.0
790,zd ella adjustable air mesh harness extra small,75500.0,5.0
200,pawise hollow pollito,75270.0,13.0
420,catit filtro fuente triple accion 2 un,75120.0,8.0
1048,royal canin gastrointestinal lata 145grs,75110.0,29.0
489,shampoo ehlinger (hipohalerg.) 250 ml.,75040.0,16.0
1474,pawise cama verde perros,74950.0,5.0
1351,nf jfc more spraying 709 ml,74950.0,5.0
1062,power spray 100 ml,74950.0,5.0
1215,le salon cepillo alisador goma large,74830.0,7.0
1735,zd neon coral adjustable air mesh harness small,74640.0,3.0
29,manitol 500ml,74400.0,10.0
907,simparica 20 mg x 1 tab. 5,74160.0,8.0
782,capa polar chiporro t/2 cata pets,74130.0,7.0
617,heno de pasto timothy 425gr,74080.0,8.0
1055,red big circle paw (my family),73800.0,6.0
558,canine - feline a/d lata x 156 gms,73760.0,8.0
1291,coastal lazer brite collar pink multi flowers s/m,73430.0,7.0
1229,zeus trailla dobl asa  l  rojo 1,73430.0,7.0
1088,coastal style collar brown paw l,73430.0,7.0
84,gumi juguete hilo dental seda  s ,71940.0,6.0
1607,dogit estaca de enganche manilla roja,71920.0,8.0
869,"gumi juguete hilo dental seda ""mini""",71920.0,8.0
479,coastal style collar teal purple diamonds s,71910.0,9.0
1147,afp mighty rex pelota durable,71910.0,9.0
491,coastal fashion collar hearts,71910.0,9.0
1144,coastal fashion collar blossoms,71910.0,9.0
1751,zeus arnes fig. a  s  grafito,71910.0,9.0
1671,coastal fashion collar scales,71910.0,9.0
1464,coastal maslow plato cobre martillado 709 ml,71910.0,9.0
1665,bliss adjustable air mesh harness medium,71700.0,3.0
997,zeedog phantom adjustable air mesh harness medium,71700.0,3.0
628,zd honey ruff leash large,71700.0,3.0
182,zd artsy adjustable air mesh harness medium,71700.0,3.0
1533,espuma seca canish 160 ml,71680.0,14.0
1762,catit desing zona de confort,71670.0,3.0
285,zeedog finger puppets,71600.0,4.0
689,allerderm spot sobre 10 kg (un),71500.0,11.0
548,zeedog fatboy ruff leash large,71460.0,3.0
1316,correa trailla 2 mt g.a,71400.0,6.0
1442,zeedog mahleb collar medium,71400.0,7.0
1170,zd skull 2.0 harness + leash set,71400.0,6.0
1322,zeus nosh hueso duro sabor tocino s,71390.0,11.0
971,happy home educador sanitario 230 ml.,71390.0,11.0
659,lw sustrato natural peq. anim. verde-10l,71340.0,6.0
428,big round aluminum red (my family),71300.0,10.0
1042,espuma seca ehlinger spray 265 ml,71220.0,6.0
1194,go bowl pink small,71103.69,9.0
1208,coastal style collar skulls m,70400.0,8.0
161,english bulldog (my family),70240.0,4.0
1292,i love mom (my family),70240.0,4.0
1406,crown (my family),70240.0,4.0
146,afp ultrasonic ardilla,70000.0,5.0
554,zeedog brain freeze,70000.0,7.0
395,planet dog nooks amarillo felicidad,69950.0,5.0
1059,lw. bola de ejercicio con base,69950.0,5.0
609,nm urinen destroyer perro - quart,69950.0,5.0
1198,coastal sparkle trailla plata 1,69950.0,5.0
1001,dogit pañales desechables,69950.0,5.0
130,coastal maslow  plato pup verde 384 ml,69900.0,10.0
706,coastal style collar brown paw xs,69900.0,10.0
1619,pawise hollow elefante,69900.0,10.0
398,coastal maslow  plato pup azul 384 ml,69900.0,10.0
1742,clever pet bowl ondas,69800.0,10.0
1506,capa polar chiporro t/3 cata pets,69540.0,6.0
1030,"planet dog planet ball azul/verde ""s""",69540.0,6.0
994,ultimate blue h-harness small,69500.0,5.0
1784,zeedog split leash small,69500.0,5.0
181,zd pacco leash small,69500.0,5.0
206,zd neon coral h-harness small,69500.0,5.0
1632,zeedog mahalo collar small,69300.0,7.0
1161,zeedog phantom h-harness small,69250.0,5.0
186,rueda de erizo/roedor,69160.0,4.0
127,power ultra 11 - 20  kg,69090.0,7.0
1287,furminator long hair deshedding tools for dog,69020.0,2.0
1479,"zeus collar semifij ""xl"" azul denim",68940.0,6.0
775,zeus trailla dobl asa 1,68940.0,6.0
1635,timothy mat,68880.0,7.0
1134,power ultra 2 - 4 kg,68490.0,9.0
1063,coastal new earth trailla de soya menta 1,68450.0,5.0
1579,cloranfenicol spray 80 gr.,68310.0,9.0
1236,arnes nacional chico a. doctor,68280.0,12.0
280,zd neopro blue leash large,68100.0,3.0
614,laxavet x 40 gr.,68040.0,7.0
794,habitrail ovo expansion,67980.0,2.0
470,brit care senior lamb & rice 3 kg,67960.0,4.0
1340,dogit alfombrilla educadora  x-large 20u,67960.0,4.0
1745,coastal sublime collar chevrons l,67960.0,4.0
76,coastal sublime collar pink l,67960.0,4.0
1660,mamadera  (kit) 59 ml.,67920.0,8.0
1388,pawise bolsas repuesto 8x20 colores,67900.0,10.0
1206,dogit cuerda anudada sabor menta 26 cm,67900.0,10.0
1655,honey h-harness medium,67601.6,4.0
957,pink led leash large,67600.0,4.0
1286,zeedog tarot leash large,67600.0,4.0
109,zd smash leash large,67600.0,4.0
904,zd hawkins stranger  leash large,67600.0,4.0
993,columbia air mesh harness medium,67501.5,3.0
450,zeedog gotham leash large,67360.0,4.0
1503,zeedog atlanta h-harness medium,67360.0,4.0
1512,oat hay 425 gr,67120.0,8.0
172,orchard grass hay 425gr,67120.0,8.0
93,arnes de paseo mediano g.a,67120.0,8.0
951,zeus trailla dobl asa  m  fucsia 1,67120.0,8.0
673,canine digestive care i/d lata 156grs,66500.0,19.0
938,kitten instinctive 165grsx6un,66480.0,24.0
237,coastal lazer brite collar fish bones,66430.0,7.0
536,le salon essentials cepillo carda small,65940.0,6.0
381,zd army green ruff leash small,65700.0,3.0
325,cordon amarre 16 mm (corto) a. doctor,65520.0,8.0
1350,honey collar medium,65402.399999999994,6.0
1332,zeedog atlanta collar medium,65400.0,6.0
807,bliss collar medium,65400.0,6.0
1759,zd midnight collar medium,65400.0,6.0
1180,sand collar medium,65400.0,6.0
862,zd midnight leash extra small,65400.0,6.0
1593,pixel collar small,65400.0,6.0
1014,toallitas tea tree oil,65340.0,11.0
1361,pro plan puppy small breed 1kg ar,65280.0,6.0
1423,zeedog atlanta leash extra small,65160.0,6.0
124,zeedog phantom leash extra small,65160.0,6.0
1553,arnes de paseo grande g.a,65030.0,7.0
716,calzon celo talla 5,65030.0,7.0
159,revolution perro/gato  0 - 2.5 kg,64950.0,5.0
1490,vp mighty jr angry animals mad cow,64950.0,5.0
1034,le salon cepillo goma c/mango curvo,64900.0,10.0
896,arnes talla s,64900.0,10.0
541,placa pet tags,64790.0,11.0
175,zd bordeau collar large,64500.0,5.0
651,zd candy collar large,64500.0,5.0
1051,zd midnight collar large,64500.0,5.0
690,zd volt collar large,64500.0,5.0
1221,zeedog atlanta collar large,64300.0,5.0
392,bandeja sanit. gato l / betta,64250.0,5.0
948,small bone aluminum light blue (my family),64170.0,9.0
1011,small bone aluminum pink (my family),64170.0,9.0
872,small bone aluminum red (my family),64170.0,9.0
1637,small round aluminum blue (my family),64170.0,9.0
1488,coastal lazer brite collar pink multi flowers l,63960.0,4.0
1096,coastal maslow  plato pup verde 1596 ml,63960.0,4.0
1489,le salon cortauñas alicate ergonomico,63960.0,4.0
626,coastal maslow  plato paw gris 1596 ml,63960.0,4.0
1346,catit filtro fuente acero inox 2 unid,63920.0,8.0
717,dogti toallitas de limpieza ojos 70un,63920.0,8.0
793,ps hairball solutions,63920.0,8.0
112,zeus collar ajustable  l   azul denim,63900.0,10.0
1245,nm no more marking,63760.0,4.0
1722,honey cat collar,63705.46,13.0
780,bliss cat collar,63700.0,13.0
1567,laguna leash small,63600.0,4.0
566,zeedog neopro green leash small,63600.0,4.0
1125,honey leash small,63598.4,4.0
1572,parka t/0 cata pets,63560.0,4.0
1065,capa polar c/chiporro t-xl (4)  a. doctor,63440.0,8.0
1449,plato antideslizante luna / l,63300.0,10.0
234,afp travel dog arnes seguridad s,62970.0,3.0
300,coastal style trailla wildflower l 1,62950.0,5.0
1744,coastal style trailla black skulls l 1,62950.0,5.0
1738,coastal style trailla black skulls m 1,62950.0,5.0
553,zeus trailla dobl asa  xl  rojo 1,62950.0,5.0
1354,zeus trailla dobl asa  l  grafito 1,62940.0,6.0
1627,coastal sublime collar yellow xs,62940.0,6.0
1008,coastal lazer brite collar galaxy s/m,62940.0,6.0
410,coastal maslow  plato paw rosado 828 ml,62940.0,6.0
173,coastal style collar resolve l,62940.0,6.0
519,zeus nosh hueso duro sabor carne/queso m,62930.0,7.0
1047,zeus collar semifijo  l  rojo,62930.0,7.0
1110,coastal lazer brite collar skulls s/m,62930.0,7.0
1658,afp little buddy chupete rosa  large,62910.0,9.0
592,dogit bebedero gravedad 1 lt,62910.0,9.0
1377,coastal lazer brite collar pink multi flowers xs,62910.0,9.0
1327,drontal cats  1 comprimido (pote 24 un) ,62510.0,19.0
1405,coastal sublime collar teal stripe s/m,62450.0,5.0
1204,coastal sublime collar cubes s/m,62450.0,5.0
683,purple big circle bone (my family),61960.0,4.0
1258,light blue big circle bone (my family),61960.0,4.0
1699,harvest stacks westtimothy 992 gr.,61920.0,3.0
974,royal canin calorie control felino  165 gr lata,61830.0,27.0
243,kit mamadera beaphar 35ml,61700.0,5.0
492,coastal style collar bones m,61600.0,7.0
79,dog a dent 100 grs pasta,61260.0,6.0
1239,dogit alfombrilla educadora  medium 14un,61110.0,9.0
507,calefactor aut. 50w - boyu,60640.0,4.0
314,body perro 4 rosado,60390.0,3.0
209,coastal style collar skulls  l,60000.0,6.0
71,arnes de seguridad para auto talla: xl,59970.0,3.0
408,pawise mat de enfriamiento m 50x40 cm,59960.0,4.0
457,pawise arnes y cinturon de seguridad l,59960.0,4.0
1092,lm soother green for dog,59940.0,6.0
332,zeedog atlanta adjustable air mesh harness extra small,59900.0,2.0
150,hartz chew n clean tuff bone dog toy - small,59880.0,12.0
487,electrovet soluc oral 500ml,59710.0,7.0
1218,advantix 25-40 kg,59680.0,4.0
163,parka t/4 cata pets,59670.0,3.0
1651,zd neon coral h-harness extra small,59500.0,5.0
1330,zeedog ella h-harness large,59490.0,3.0
895,pink led collar small,59400.0,6.0
726,zd army green collar small,59400.0,6.0
733,zd pacco collar small,59400.0,6.0
713,zd skull 2.0 collar small,59400.0,6.0
239,honey collar small,59397.66,6.0
973,tx enganche cinturon seguridad standar,59290.0,11.0
597,zeedog super orange,59220.0,6.0
1486,zeedog prisma collar small,59220.0,6.0
247,capa polar c/chiporro t-s (1)  a. doctor,58950.0,9.0
48,coastal sublime trailla cubes/purple,58770.0,3.0
952,coastal lazer brite trailla pink multi flowers m 1.8m,58770.0,3.0
1132,"planet dog hueso azul ""m""",58760.0,4.0
1581,doggy dolly small polerón racing fever con gorro grey l,58410.0,3.0
53,zeus nosh hueso flex cachorro sabor tocino s,58410.0,9.0
361,zeedog neopro green leash large,58200.0,3.0
899,"planet dog diamond plate double-tuff naranja ""s""",57960.0,4.0
1412,zeedog chroma adjustable air mesh harness small,57900.0,3.0
111,zeedog atlanta adjustable air mesh harness small,57900.0,3.0
1467,zeedog honey adjustable air mesh harness small,57900.0,3.0
1044,zd bordeau adjustable air mesh harness small,57900.0,3.0
1131,pawise hollow ranita,57900.0,10.0
387,royal gastrointestinal canine 385 grs. (lata),57640.0,11.0
893,fancy feast petits filets atun 85 g,57600.0,64.0
1111,brit mono protein turkey & sweet potato 400 g,57600.0,16.0
570,arnes de pasaeo chico g.a,57520.0,8.0
826,zeedog neopro bubblegum leash small,57120.0,3.0
992,small round aluminum black (my family),57040.0,8.0
1219,small heart aluminum pink (my family),57040.0,8.0
445,big round aluminum light blue (my family),57040.0,8.0
69,big heart aluminum red (my family),57040.0,8.0
478,catapet cama chiporro chica nº1,56970.0,3.0
996,coastal comfort soft arnes lima s,56970.0,3.0
812,lw small animal corta uña,56940.0,6.0
1700,zeedog skull h-harness large,56700.0,3.0
876,zd army green soft-walk harness medium,56700.0,3.0
887,puzzle soft-walk harness medium,56698.799999999996,3.0
1483,zeus trailla dobl asa  s  fucsia 1,56610.0,9.0
1167,mamistop 125 gr (perro),56210.0,7.0
787,pelota portagolosina azul medium,56100.0,6.0
1666,dreamwell cama redonda woof azul 53cm,55980.0,2.0
1642,coastal sparkle trailla orquidea 1,55960.0,4.0
1555,apf mighty rex hueso curvo,55930.0,7.0
846,coastal fashion collar sushi,55930.0,7.0
1117,coastal fashion collar black skulls,55930.0,7.0
204,coastal fashion collar fish,55930.0,7.0
1175,pawise elefante con tirador,55930.0,7.0
349,pelota para perros,55930.0,7.0
267,coastal style collar brown paw s,55930.0,7.0
1413,pawise fetch it elefante,55920.0,8.0
214,pelota portagolosina azul small,55920.0,8.0
552,clever pet bowl acero inox colores,55840.0,8.0
578,zeedog maze leash small,55600.0,4.0
1089,zd midnight leash small,55600.0,4.0
371,zeedog mr. x,55600.0,4.0
714,zd bordeau leash small,55600.0,4.0
562,zd smash h-harness small,55600.0,4.0
46,collar con smart id para retro blue m,55600.0,4.0
116,zeedog gotham h-harness small,55400.0,4.0
778,zeedog atlanta h-harness small,55400.0,4.0
680,big hair kitty,55330.0,11.0
1331,go bowl black small,55302.869999999995,7.0
847,zd skull 2.0 collar extra small,55300.0,7.0
1146,bliss collar extra small,55300.0,7.0
157,hartz tuff stuff nose divers - small,55230.0,7.0
229,big bone chromed brass (my family),55200.0,6.0
352,coastal new earth collar de soya menta xs,55140.0,6.0
1429,parka impermeable talla 10,55120.0,8.0
1527,cabatina 25 ml,55050.0,5.0
976,zeus arnes fig.a  m  coral,54950.0,5.0
65,ps dental solutions starter kit,54950.0,5.0
646,educador sanitario perro gato,54800.0,8.0
477,coastal new earth trailla de soya berenjena 1,54760.0,4.0
773,nm jfc stain & odor eliminator - trigger spray,54640.0,4.0
433,naxpet 10 mg.x 10 comp.,54600.0,7.0
1539,bozal clinico 3 (a. doctor),54530.0,7.0
1552,afp modern cat tinkly,54530.0,7.0
1267,blocks collar medium,54502.0,5.0
1187,zd bordeau collar medium,54500.0,5.0
1501,zd pacco collar medium,54500.0,5.0
153,zd neon coral collar medium,54500.0,5.0
1312,zeedog gotham collar medium,54500.0,5.0
431,zeus arnes fig h l grafito,54360.0,4.0
1643,collar cuero nº 4 (g. araya),54320.0,8.0
1634,zeus filtro fuente mini 3 unid,54320.0,8.0
1528,zeedog ella leash extra small,54300.0,5.0
16,zeedog prisma collar medium,54300.0,5.0
495,alimento pelletizado nature para cobayo 700 gr,54300.0,6.0
602,zeedog skull leash extra small,54300.0,5.0
1145,afp dog ultrasonic avestruz,54240.0,4.0
998,"zeus trailla dobl asa ""xl"" grafito 1",54050.0,5.0
702,planet dog tug hueso azul,53970.0,3.0
391,pawise repuesto pasto sanitario,53970.0,3.0
327,afp lamb triplets mice,53940.0,6.0
1447,lw set arnes y correa peq animales  s ,53940.0,6.0
653,toallitas perfumadas clorhexidina perro y gato,53910.0,9.0
785,parka t/2 cata pets,53670.0,3.0
339,zeedog greg,53400.0,6.0
1076,noon collar extra small,53400.0,6.0
421,cream chihuahua  (my family),53320.0,4.0
1741,grey shih tzu (my family),53320.0,4.0
1574,drontal plus x 2 comprimidos saborizados,52950.0,5.0
503,golden retriever (my family),52680.0,3.0
1031,bow tie red (my family),52680.0,3.0
860,i'm the king (my family),52680.0,3.0
329,white and black european shorthair (my family),52680.0,3.0
358,orange and white english cocker  (my family),52680.0,3.0
970,coastal new earth collar de soya berenjena s/m,52450.0,5.0
765,coastal sublime collar purple xs,52450.0,5.0
1150,simparica 10 mg  x 1 tab. 2,52320.0,6.0
1653,sinpul 30 % x 15 grs.,52320.0,12.0
1248,juguetes de pasto 3 unidades,52260.0,6.0
727,cracul x20 comp. perros,52200.0,6.0
1260,nutrafin max peces agua fria escamas 38g,52110.0,9.0
1017,pawise little monster naranja,52110.0,9.0
383,zeus nosh hueso duro sabor tocino l,51960.0,4.0
677,poleron t/5 cata pets,51960.0,4.0
1242,afp furry ball fluffer rojo,51590.0,11.0
1477,afp furry ball flufy rosa,51590.0,11.0
1094,zeedog gotham collar large,51440.0,4.0
1338,"zeus collar ajustable ""l"" grafito",51120.0,8.0
1749,toallitas neem,51120.0,8.0
1727,planet dog luna,50970.0,3.0
1326,coastal sublime collar aztec l,50970.0,3.0
1107,dispensador agua maya m 700 ,50940.0,6.0
1780,blocks leash large,50701.200000000004,3.0
1748,zd army green leash large,50700.0,3.0
538,zd bordeau h-harness medium,50700.0,3.0
1545,pink led h-harness medium,50700.0,3.0
341,capa polar chiporro t/7 cata pets,50670.0,3.0
310,zeus trailla dobl asa  xl  coral 1,50360.0,4.0
1546,coastal style trailla teal purple diamonds m 1,50360.0,4.0
1692,coastal style trailla brown paw m 1,50360.0,4.0
1152,coastal new earth collar de soya menta l,50360.0,4.0
1244,do cinturon seguridad auto 25mmx55-87cm,50360.0,4.0
760,coastal sublime collar flower pink s/m,49960.0,4.0
1159,pawise peluche unicornio con sonido perro,49950.0,5.0
1192,hartz duraplay bone large dog toy,49950.0,5.0
456,bowl ufo,49950.0,5.0
1523,pawise botella bebedera 500 ml,49950.0,9.0
1690,small heart aluminum light blue (my family),49910.0,7.0
1420,small round aluminum pink (my family),49910.0,7.0
701,big heart aluminum pink (my family),49910.0,7.0
1022,big bone aluminum pink (my family),49910.0,7.0
522,small heart aluminum black (my family),49910.0,7.0
499,small bone aluminum purple (my family),49910.0,7.0
37,big bone aluminum red (my family),49910.0,7.0
453,small heart aluminum purple (my family),49910.0,7.0
960,big round aluminum blue (my family),49910.0,7.0
963,dogit dispensador bolsa fecas azul 2x20,49900.0,10.0
28,bowl 17 cm,49900.0,10.0
530,collar cuero nº 3 ( g. araya),49520.0,8.0
1766,bliss collar small,49500.0,5.0
294,zd midnight collar small,49500.0,5.0
1458,collar cuero nº 2 (g. araya),49410.0,9.0
525,zeedog gotham collar small,49350.0,5.0
672,zeedog ella collar small,49350.0,5.0
107,zeedog super banana,49350.0,5.0
1155,purple big circle paw (my family),49200.0,4.0
138,bozal clinico 4 (a. doctor),49140.0,6.0
1633,tx arnes para auto s 30-60 cm,49050.0,5.0
1782,red xl aluminum bone,48960.0,6.0
1709,power 1 p. hasta 10 kg,48930.0,7.0
658,lw nido de bambu,48930.0,7.0
546,pawise holow leon,48930.0,7.0
573,planet dog frambueza,48930.0,7.0
1411,coastal style collar resolve xs,48930.0,7.0
264,pawise fetch it mono,48930.0,7.0
1708,catlove raton mecanico rosado,48930.0,7.0
1695,clever pet bowl heart,48860.0,7.0
925,gumi juguete hilo dental seda  mini ,48500.0,5.0
544,coastal maslow plato cobre martillado 2188 ml,47970.0,3.0
1006,pawise arnes y cinturon de seguridad s,47960.0,4.0
1520,coastal lazer brite trailla bones m,47960.0,4.0
401,coastal maslow plato dry ears gris 887 ml,47960.0,4.0
843,coastal embellished collar bow-tie black,47950.0,5.0
282,coastal style collar wildflower s,47940.0,6.0
155,zeus arnes fig.a  s  coral,47940.0,6.0
1718,nm housebreaking / enseñador,47940.0,6.0
923,pawise mono con tirador,47940.0,6.0
1360,zeus arnes fig.a  s  fucsia,47940.0,6.0
1454,"zeus collar semifijo ""l"" grafito",47937.96,6.0
403,pawise bozal tela l,47920.0,8.0
1173,fritz adjustable air mesh medium,47800.0,2.0
771,zd fatboy ruff leash large,47800.0,2.0
934,zd smash adjustable air mesh harness medium,47800.0,2.0
1162,zeedog skull leash large,47700.0,3.0
638,zeedog gotham ruff leash large,47640.0,2.0
1209,zd skull 2.0 h-harness extra small,47600.0,4.0
670,zd army green leash + harness set,47600.0,4.0
936,zeus collar semifijo  m  rojo,47520.0,8.0
347,zeedog prisma harness + leash set,47440.0,4.0
1054,zeedog prisma h-harness extra small,47440.0,4.0
1589,honey collar extra small,47402.46,6.0
855,ultimate blue collar extra small,47400.0,6.0
1121,cama iglu erizo mediano,46900.0,10.0
54,afp lamb cuddle country animals,46760.0,4.0
451,"zeus collar ajustable ""xl"" grafito",46740.0,6.0
427,zeus collar ajustable  xl  coral,46740.0,6.0
203,zeus collar ajustable xl azul denim,46690.0,7.0
1576,jg velvet bobbler,46680.0,6.0
912,black big circle paw (my family),46470.0,3.0
1373,coastal style collar resolve m,46450.0,5.0
254,coastal style collar teal purple diamonds m,46450.0,5.0
749,heno de avena 425 gr,46300.0,5.0
58,repelente spray interior 300 ml,46100.0,5.0
1750,small bone golden brass (my family),46000.0,5.0
164,zeedog skull collar large,46000.0,4.0
187,small bone chromed brass (my family),46000.0,5.0
1097,catapet cama chiporro med. nº2,45980.0,2.0
17,"planet dog planet ball azul/verde ""l""",45980.0,2.0
555,dispensador alimento maya / s (200 gr.),45040.0,8.0
1596,pawise cama cafe perros,44970.0,3.0
735,nm jfc pet block / repelente,44960.0,4.0
864,poleron t/1 cata pets,44950.0,5.0
474,coastal style collar plaid  l,44950.0,5.0
1329,afp modern cat fluffy wand,44950.0,5.0
31,zeedog cannon ball,44820.0,6.0
675,plato antideslizante luna / s,44760.0,12.0
632,rostrum susp. oral 20 ml,44730.0,7.0
767,zeedog salina keychain,44500.0,5.0
1756,zeedog skull collar small,44500.0,5.0
610,pink led cat collar,44100.0,9.0
1369,zeedog maze cat collar,44100.0,9.0
684,zeus arnes fig.a  m  fucsia,43960.0,4.0
1313,dogit paðales desechables,43960.0,4.0
931,bolso cabina negro,43800.0,2.0
57,ultimate blue collar medium,43600.0,4.0
1390,zeedog ella collar medium,43600.0,4.0
1274,zeedog roy,43600.0,4.0
1758,mother and babycat instinctive  145 gr,43510.0,19.0
322,afp dog sparkle cepillo dedo/pasta,43470.0,3.0
1781,capa polar chiporro t/6 cata pets,43470.0,3.0
567,collar cuero nº 6 (g. araya),43450.0,5.0
228,zeedog gotham leash extra small,43440.0,4.0
604,zeedog mahalo leash extra small,43440.0,4.0
575,capa arnè talla 2 cata pets,43440.0,3.0
720,zeedog mahalo collar medium,43440.0,4.0
1295,lw set arnes y correa peq animales  m ,43160.0,4.0
1213,rabbit ear cleaning solution 4 oz,42870.0,3.0
131,small round aluminum purple (my family),42780.0,6.0
273,big heart aluminum blue (my family),42780.0,6.0
1233,big heart aluminum light blue (my family),42780.0,6.0
389,big heart aluminum purple (my family),42780.0,6.0
15,small heart aluminum red (my family),42780.0,6.0
622,small round aluminum light blue  (my family),42780.0,6.0
1570,jaula aves peq. diseños,42540.0,3.0
1578,zeus trailla dobl asa  s  grafito 1,42400.0,8.0
1299,zeus collar ajustable  m  coral,42320.0,8.0
81,zeus collar ajustable  m   fucsia,42320.0,8.0
354,dogit dispensador alimento 2 lt,41970.0,3.0
954,coastal maslow  plato paw azul 828 ml,41960.0,4.0
777,coastal new earth collar de soya menta s/m,41960.0,4.0
1737,zeus trailla dobl asa  m  grafito 1,41950.0,5.0
1448,pawise fetch it leon,41940.0,6.0
23,coastal lazer brite collar galaxy xs,41940.0,6.0
599,tetra aquasafe,41920.0,8.0
811,pala sanitaria (granulos) gris,41900.0,10.0
252,brit care cat tuna with chicken and milk 70grs,41800.0,22.0
1190,pawise bolsas repuesto 3x20 colores,41790.0,7.0
1333,zd army green leash small,41700.0,3.0
1254,zd smash leash small,41700.0,3.0
405,zd skull 2.0 leash small,41700.0,3.0
1273,zeedog mahalo h-harness small,41550.0,3.0
266,zeedog gotham leash small,41550.0,3.0
956,zeedog prisma leash small,41550.0,3.0
1767,zeedog ella h-harness small,41550.0,3.0
1383,fancy feast tartare atun 85 g,41400.0,46.0
1440,zeedog poop bag dispenser black +1 roll,41300.0,7.0
1012,plato antideslizante luna / m,41220.0,9.0
888,coastal new earth trailla de soya fucsia 1,41070.0,3.0
1310,zeedog skull h-harness extra small,40800.0,4.0
1563,calefactor aut. 100w - boyu,40800.0,3.0
1550,afp pups cuerda suave mini,40740.0,6.0
1631,zd smash collar extra small,40720.0,4.0
1587,fancy feast mousse pez camaron 85 g,40500.0,45.0
1687,capa arnè talla 1 cata pets,40470.0,3.0
661,laser fun,40440.0,4.0
1438,botella 100 ml peq animales,40410.0,9.0
1402,cadena cordon 4 mm a.doctor,40410.0,9.0
560,nm 3in1 odor destroyer,39960.0,4.0
1500,coastal lazer brite trailla skulls s,39960.0,4.0
662,tx  calzon celo protector l 50–59 cm,39950.0,5.0
1502,coastal style collar plaid m,39950.0,5.0
838,lw. bola de ejercicio con base,39950.0,5.0
1241,tx bozal con red incorporada s,39920.0,8.0
263,alfombrilla 14 unid,39920.0,8.0
1672,pawise bozal tela s,39920.0,8.0
1154,revolution plus 0.5 ml (2.5 a 5 kg) x 1p,39870.0,3.0
1270,zeedog mahalo h-harness large,39660.0,2.0
1226,zeedog gotham h-harness large,39660.0,2.0
473,zeedog blu,39600.0,4.0
94,arnes nacional mediano a. doctor,39540.0,6.0
759,zd neon coral collar extra small,39500.0,5.0
577,zeedog atlanta collar small,39480.0,4.0
1728,tx plato comida lenta ,39420.0,6.0
142,zeedog ella collar extra small,39350.0,5.0
729,botella 500 ml peq animales,39000.0,6.0
1227,dogit alfombrilla educadora  medium 100u,38990.0,1.0
1114,arnes talla l,38940.0,6.0
725,zeus nosh hueso flex cachorro sabor pollo s,38940.0,6.0
903,zd army green collar large,38700.0,3.0
162,pawise bozal tela m,38430.0,7.0
557,coastal embellished collar flower pink,38360.0,4.0
44,pichichi 20 ml. (edu. sanit/perros),38280.0,12.0
616,zeus collar ajustable  s  grafito,37710.0,9.0
1230,collar isabelino 7.5 cm nº(0),37700.0,13.0
1460,lw nido de bambu,37520.0,8.0
1127,coastal sublime collar yellow s/m,37470.0,3.0
1210,coastal sublime collar chevrons s/m,37470.0,3.0
241,coastal style collar brown paw m,37160.0,4.0
1513,key ring (my family),37140.0,6.0
730,collar cuero nº 5 (g. araya),36950.0,5.0
821,coastal new earth collar de soya berenjena xs,36760.0,4.0
1339,afp lamb flying mouse,35960.0,4.0
1184,hartz duraplay ball medium,35940.0,6.0
4,galgovet,35820.0,18.0
1093,zd army green h-harness extra small,35700.0,3.0
836,big bone aluminum purple (my family),35650.0,5.0
1039,small bone aluminum black (my family),35650.0,5.0
1444,big bone aluminum blue (my family),35650.0,5.0
1516,collar luminoso animal care,35090.0,11.0
1470,afp doggies pantufla mono,35070.0,3.0
1652,easy to clean collection bags,35000.0,10.0
308,coastal style collar plaids,34950.0,5.0
1743,coastal luz para collar,34950.0,5.0
657,hartz duraplay bone small dog toy,34930.0,7.0
262,dogit dispensador bolsa fecas rojo 2x20,34930.0,7.0
1597,pawise little monster verde,34740.0,6.0
1487,tx cliker entrenamiento perro,34400.0,10.0
962,zd smash cat collar,34300.0,7.0
568,ultimate blue cat collar,34300.0,7.0
1277,zd neon coral cat collar,34300.0,7.0
839,zd candy cat collar,34300.0,7.0
1760,zeedog skull collar cat,34200.0,9.0
687,mastilac jeringa,33800.0,13.0
718,zeedog ella h-harness medium,33800.0,2.0
818,dispensador alimento maya / m (700 gr.),33080.0,4.0
407,afp furry ball flufer naranjo,32830.0,7.0
56,columbia leash extra small,32701.199999999997,3.0
1046,zd candy collar medium,32700.0,3.0
722,zeedog gotham bow-tie large,32500.0,5.0
919,zeedog citrus bow-tie large,32500.0,5.0
435,zeus nosh hueso duro sabor carne/queso s,32450.0,5.0
1537,arnes talla m,32450.0,5.0
594,coastal comfort soft arnes morado xs,31980.0,2.0
603,zeus arnes fig.a  s  rojo,31960.0,4.0
1078,catnip crinkle&toss papers,31920.0,8.0
601,nf aqua plus anticloro 30 ml,31900.0,10.0
950,camon juguete perro pelota tenis c/ sonido 2 un ,31740.0,6.0
1647,zeus collar ajustable  m  rojo,31740.0,6.0
969,zeedog gotham collar extra small,31480.0,4.0
1269,zeus trailla dobl asa  l  coral 1,31470.0,3.0
1466,nf aqua plus anticloro 120 ml,31450.0,5.0
1623,pawise rodillo quita pelos y pelusas,31430.0,7.0
890,catit filtro fuente mini 3 unid,31430.0,7.0
366,cordon amarre 8 mm a. doctor,31140.0,6.0
935,pawise bola luminosa 3,31120.0,8.0
681,pink big circle paw (my family),30980.0,2.0
1543,"dogit cuerdas anudadas celeste ""s""",30690.0,11.0
633,paracan plus x 1 comp,30600.0,18.0
1118,zeedog skull collar medium,30600.0,3.0
898,pawise collar azul ondas,30510.0,9.0
635,ehliquantel sobre x 1 comp. (ant.),30090.0,17.0
1585,hartz tiny dog jungle plush dog toy,30030.0,7.0
1649,capa polar chiporro t/1 cata pets,29970.0,3.0
260,ls champu crema de avena 250ml,29670.0,3.0
947,fp pala higienica,29590.0,11.0
1336,tx bola para heno ,29400.0,5.0
649,zd artsy cat collar,29400.0,6.0
1604,pala sanitaria (granulos) celeste,29330.0,7.0
426,zeus collar ajustable  s  fucsia,29330.0,7.0
67,cadena cordon 3 mm a.doctor,29330.0,7.0
253,zeedog coral bowl large,29020.0,2.0
1504,fancy feast terrine pavo 85 g,28800.0,32.0
99,pawise meow life varita,28740.0,6.0
865,big bone aluminum black (my family),28520.0,4.0
856,big round aluminum purple (my family),28520.0,4.0
848,big heart aluminum black (my family),28520.0,4.0
824,zeedog black bowl small,28500.0,5.0
797,mamadera  (kit)  115 ml,28470.0,3.0
226,fp plato acero inoxidable orion 54,28280.0,7.0
1739,coastal sparkle collar broche metal rosa xs,27980.0,2.0
1519,pawise hollow mono,27960.0,4.0
1562,coastal lazer brite collar lime skulls xs,27960.0,4.0
679,vestido playero t-2,27750.0,5.0
1196,mebermic  x 1 comp.,27720.0,14.0
1113,exo t.ampolleta heat glo infrarroja 75w,26980.0,2.0
1776,hartz zoo ballons dog toy,26970.0,3.0
362,pez portagolosina azúl/verde,26940.0,6.0
669,collar c/hueso grande a. doctor,26900.0,10.0
1394,royal canin kitten lata 145 gr,26880.0,14.0
1622,toallitas de limpieza vainilla,26640.0,9.0
1594,cuerda anudada tricolor m,26460.0,6.0
168,tx pato látex perro toy ,26010.0,9.0
1430,zeus nosh hueso duro sabor carne/queso l,25980.0,2.0
328,bandana red,25170.0,3.0
1212,zeus trailla dobl asa  s  rojo 1,25160.0,4.0
1279,zeus trailla dobl asa  s  coral 1,25160.0,4.0
1104,pala sanitaria (granulos) rosada,25140.0,6.0
1495,pala sanitaria (granulos) negro,25140.0,6.0
259,pawise hollow buho,25000.0,5.0
1201,arnes gato colores g.a,25000.0,5.0
1480,coastal sublime collar purple s/m,24980.0,2.0
2,nm alfombrilla training 14 un,24950.0,5.0
1334,zeedog rob the microbe,24640.0,4.0
1573,l.w. trapecio de madera  -7,24430.0,7.0
700,tx 2 pelotas yute catnip,24090.0,11.0
1451,bowl 18 cm,23960.0,4.0
946,collar gatos,23920.0,8.0
486,collar c/flor  ch. a. doctor,23840.0,8.0
1463,l.w. comedero o bebedero gde 125 ml,23730.0,7.0
1613,zeedog gotham h-harness extra small,23720.0,2.0
1667,zeedog atlanta harness + leash set,23720.0,2.0
587,zeedog phantom h-harness extra small,23720.0,2.0
434,hartz chew n clean tuff bone dog toy- extra small,23450.0,5.0
739,afp pups cuerda suave multitextura,23370.0,3.0
1177,cadena cordon 2 mm a.doctor,23340.0,6.0
569,pawise little monster rojo,23160.0,4.0
611,corner deterrent spring,23070.0,3.0
828,pawise meow life bola colores,23030.0,7.0
986,2 pelotas con cuerda,22410.0,9.0
886,carpeta orientadora pad 7 unid,22330.0,7.0
100,"dogit cuerdas anudadas rosada ""s""",22320.0,8.0
772,collar c/flor gde. a. doctor,22190.0,7.0
686,l. w.catita en percha ,21970.0,13.0
496,"dogit cuerdas anudadas tricolor ""l""",21960.0,4.0
619,harvest stacks timothy/carrot 1kg,21700.0,1.0
1246,zeus collar ajustable l rojo,21640.0,4.0
304,zeus trailla dobl asa  m  azuldenim 1,21600.0,3.0
880,collar c/hueso chico a. doctor,21510.0,9.0
141,big round aluminum black (my family),21390.0,3.0
335,zeus collar ajustable  m  grafito,21160.0,4.0
1568,coastal sublime collar navy xs,20980.0,2.0
805,coastal lazer brite collar rainbow hearts xs,20970.0,3.0
1611,zeus collar ajustable  s  rojo,20950.0,5.0
1280,pawise meow life raton,20930.0,7.0
1414,caja carton transporte p.anim 28x15x18cm,20220.0,6.0
11,bolsas repuesto dispensador klint (60 b),20150.0,5.0
1710,l.w piedra de lamer peq. anim. gan,19950.0,5.0
376,"dogit cuerdas anudadas celeste ""m""",19950.0,5.0
178,polera bandera inglaterra ac l,19800.0,2.0
1283,zeedog mahalo collar cat,19520.0,4.0
1646,zeedog skull bow-tie large,19500.0,3.0
293,collar cuero  nº1 (g. araya),19160.0,4.0
1119,"planet dog diamond plate ball silver ""l""",18990.0,1.0
825,nutrafin max peces tropicales escamas 38g,18870.0,3.0
1452,zeus trailla dobl asa  s  azuldenim 1,18870.0,3.0
732,l.w. material para nidos fibra natural,18830.0,7.0
296,dogit paños humedos 40 unid,18200.0,4.0
1043,lactadiet 7.5 gr sobre calostro,18170.0,23.0
1515,zeus nosh hueso flex cachorro sabor tocino m,17980.0,2.0
1079,corta uñas,17970.0,3.0
1606,afp wooly mouse con sonido,17940.0,3.0
1461,bloque neutralizador tortuga nutrafin,17910.0,9.0
444,toallitas de limpieza aloe vera,17760.0,6.0
870,black french bulldog  (my family),17560.0,1.0
1617,tetra goldfish flakes,17460.0,6.0
830,tramadol iny. dosis 0.5,17380.0,22.0
1311,pawise little monster violeta,17370.0,3.0
975,blister dispensador / bolsas fecas klint,16760.0,4.0
1595,zeus collar ajustable  s  coral,16760.0,4.0
166,lw mordillo de mimbre natural,16740.0,6.0
1747,pez portagolosina rosado,16450.0,5.0
88,light blue big circle paw (my family),15490.0,1.0
1305,zeedog prisma collar cat,14640.0,3.0
344,hartz jfc bizzy balls cat toy,14360.0,4.0
822,big bone aluminum light blue (my family),14260.0,2.0
1583,l.w. golosina peq. animales quinoa 50 gr,14070.0,3.0
1371,comedero acero inox,13960.0,4.0
1028,comedero acero inox. con enganche,12760.0,4.0
1421,polivitaminico b1-b2-b6 50mk iny,12640.0,16.0
400,tx plato comida lenta,11960.0,4.0
1160,viruta pino  800 gr,11920.0,8.0
1379,afp green rush p-b-t,11180.0,2.0
404,bloque mineral para aves,10800.0,6.0
36,cordon amarre 10 mm a. doctor,10780.0,2.0
598,ratones de piel 24 por caja tipo,10710.0,9.0
678,zd smash collar small,9900.0,1.0
321,fp plato acero inoxidable orion kc 52,9420.0,3.0
682,hidrocortisona dosis,8400.0,14.0
882,l.w. comedero o bebedero med 75 ml,8370.0,3.0
40,tx toallas para calzon celo 10 pz xs-s-m,7950.0,5.0
1367,collar gato cinta colores g.a,3200.0,1.0
1434,pawise pelotitas arcoiris unidad,2970.0,3.0
756,carpeta orientadora x uni.,1200.0,2.0
1151,pederol clortetraciclina2% 250ml (dosis),390.0,10.0
305,pro plan kitten 7,0.0,0.0
1638,kitten pouch 85gr,0.0,0.0
459,kong wobbler cat small,0.0,0.0
1685,royal can. obesity canine 1.5 kg.,0.0,0.0
1482,feline  k/d  lata x 156gr,0.0,0.0
867,cama para perro azumpets,0.0,0.0
350,pro plan exigent small breed 3kg ar,0.0,0.0
655,proplan puppy pollo y arroz 370grs,0.0,0.0
119,torre árbol con casa gatos premium,0.0,0.0
461,royal canin yorkshire terrier 7,0.0,0.0
1862,habitat vertical ave,0.0,0.0
83,proplan adulto dog pollo arroz  370grs,0.0,0.0
1494,brit care gf puppy salmon 12 kg,0.0,0.0
991,royal renal lp mod. 170 grs. (lata),0.0,0.0
1509,poo bolsas compostables 60 u,0.0,0.0
620,feline  i/d  lata x 156gr,0.0,0.0
1082,pro plan adult cat 3kg ar,0.0,0.0
1499,urinary care c/d hills 82 gr,0.0,0.0
1052,puzzle tornado nivel 2,0.0,0.0
955,dispensador small,0.0,0.0
1435,pet woow dispensador de alimento,0.0,0.0
1240,poodle pouch 12x85g,0.0,0.0
72,royal can fhn kitten 36 400 grs,0.0,0.0
238,royal canin mini adulto 2.5kg,0.0,0.0
1675,royal canin active 7+ 1.5kg,0.0,0.0
1779,eukanuba premium performance 18 kg ,0.0,0.0
654,fcn urinary care 7.5kg,0.0,0.0
1,royal can. diabetic feline 1.5 kg.,0.0,0.0
1153,palace dog house,0.0,0.0
983,royal can. hypoallergenic canine 2 kg.,0.0,0.0
1207,monge mini sen chicken 4x3 kg,0.0,0.0
1384,royal canin mini adulto  2 kg fr,0.0,0.0
1644,proplan adulto latas,0.0,0.0
45,royal canin kitten 4 kg,0.0,0.0
1050,royal canin adulto mini adult 7,0.0,0.0
446,desparasitante bravecto para gatos,0.0,0.0
248,comedero interactivo multi feeder,0.0,0.0
1752,polerón con gorro verde,0.0,0.0
515,obt-g-free cat - chicken (2,0.0,0.0
537,eukanuba puppy small breed 2  kg,0.0,0.0
1664,brit care cat senior (angel)  2 kg,0.0,0.0
1328,royal gastrointestinal felino 165 grs. (lata),0.0,0.0
1659,royal canin gastrointestinal felino 1,0.0,0.0
1397,brit pate & meat duck 400 gr,0.0,0.0
396,intense beauty pouch 85gr 12un,0.0,0.0
1370,obt-td. puppy s.bites - chicken (5,0.0,0.0
1321,collar expandible con hebilla negro,0.0,0.0
92,proplan adulto cat alimento para gato,0.0,0.0
1214,royal canin  feline hepatic 1.5kg,0.0,0.0
60,royal canin adulto maxi adult 15kg,0.0,0.0
132,bravery iberian pork adult large/medium breeds 4 kg,0.0,0.0
359,brit care cat grain-free sterilized sensitive 2 kg,0.0,0.0
1372,obt-td. cat - fish (2,0.0,0.0
817,rc mini adulto 8+ 1 kg,0.0,0.0
364,plato gato doble redondo,0.0,0.0
1265,brit care gf senior & light salmon 12 kg,0.0,0.0
311,brit mono protein rabbit 400 gr,0.0,0.0
1511,nutram total grain free trout & salmon cat 1.13 kg,0.0,0.0
35,bravery salmon mini adult small breeds 7 kg,0.0,0.0
511,royal can. renal canine 2.0 kg.,0.0,0.0
1068,simparica antiparasitario 40 mg,0.0,0.0
1365,puzzle twister nivel 3,0.0,0.0
943,bravery chicken kitten 2 kg,0.0,0.0
526,pro plan adult small breed 7,0.0,0.0
505,pro plan active mind 7+ med lrg 15kg ar,0.0,0.0
524,bravery lomo de atún y zanahoria,0.0,0.0
1183,royal can fhn exigent  1.5 kilos,0.0,0.0
556,royal can  early cardiac  canine 10 kilo,0.0,0.0
645,pro plan sensitive skin m/l 15kg ar,0.0,0.0
1663,zeedof arnés ajustable morado,0.0,0.0
1465,bravery light iberian pork adult large/medium breeds 12 kg,0.0,0.0
1761,monge medium p&j chicken de 12 kg,0.0,0.0
1163,proplan active mind rzmedgrand 3kg,0.0,0.0
460,pro plan canine veterinary diets nf,0.0,0.0
1616,royal can  hipoal diet canine 10 kilo,0.0,0.0
908,brit mono protein lamb 400 g,0.0,0.0
1865,juguete columpio de colores para aves,0.0,0.0
199,royal canin poodle adulto 3 kg,0.0,0.0
1296,royal can fhn indoor 7.5 kg,0.0,0.0
1075,feline c/d multicare x lata 156 gr,0.0,0.0
1864,escalera de madera,0.0,0.0
1165,fhn fit 32 1.5kg,0.0,0.0
630,bravery chicken adult large/medium breeds 4 kg,0.0,0.0
1689,royal canin medium puppy pouch 140 gr,0.0,0.0
24,chaqueta chiporro verde ,0.0,0.0
579,brit care cat sterilised (missy)  2.0kg,0.0,0.0
920,brit care cat grain-free indoor anti-stress 2 kg,0.0,0.0
742,pro plan kitten pollo pouch 85,0.0,0.0
442,vet diet urinary lp dog 2kg,0.0,0.0
236,pro plan puppy small breed 7.5kg ar,0.0,0.0
1726,pro plan reduced calorie m/l 15kg ar,0.0,0.0
484,polerón con gorro rosado,0.0,0.0
1424,royal can. shn. medium junior 15 kgr.,0.0,0.0
184,bravery chicken mini puppy small breeds 7 kg,0.0,0.0
271,pro plan feline veterinary diets nf advanced,0.0,0.0
1004,royal canin maxi adulto pouch 140 gr,0.0,0.0
708,pro plan urinary cat 1kg ar,0.0,0.0
1399,amity sp low grain iberian pork adult 4 kg,0.0,0.0
688,royal mini junior  2.5 kg,0.0,0.0
1624,kong extreme dental con cuerda,0.0,0.0
1060,royal renal lp modified 385 grs. (lata),0.0,0.0
66,royal can poodle puppy 3 kg,0.0,0.0
1128,bravery chicken adult cat,0.0,0.0
227,nutram total grain-free chicken & turkey cat food 1.13kg,0.0,0.0
1514,brit care gf junior large breed salmon  3 kg,0.0,0.0
194,superpet perro adulto,0.0,0.0
1002,brit care cat fillets in gravy with savory salmon 85 g,0.0,0.0
1712,royal canin hair skin care 1,0.0,0.0
789,hueso masticable con textura,0.0,0.0
559,royal canin baby dog milk 400gr,0.0,0.0
78,brit care cat grain-free kitten healthy g&d 2 kg,0.0,0.0
1353,brit care cat sterilized fillets healthy rabbit 85 g,0.0,0.0
1200,pro plan sterilized cat 3kg ar,0.0,0.0
1172,brit care cat kitten chicken 80 grs,0.0,0.0
61,nt total gf small breed trout & salmon meal dog food 2 kg,0.0,0.0
1626,shn mini adulto 8+ 2.5 kg,0.0,0.0
185,pro plan feline veterinary diets nf early,0.0,0.0
1401,obt-g-free s.bites - duck (2,0.0,0.0
465,royal can. shn mini adulto 3 kgr.,0.0,0.0
1169,adult instinctive pouch 85gr 12un,0.0,0.0
1721,coche pet,0.0,0.0
766,monge all breeds adult rabbits 1x12 kg,0.0,0.0
440,nath adulto maxi sabor pollo y arroz integral,0.0,0.0
1386,rodillo quitapelos y pelusas,0.0,0.0
432,nutram total grain-free chicken & turkey dog food 2kg,0.0,0.0
1481,royal canin maxi puppy pouch 140 gr,0.0,0.0
222,simparica antiparasitario 80 mg,0.0,0.0
467,cama para perro negra zeedog,0.0,0.0
581,royal canin kitten sterilised 1.5 kg,0.0,0.0
1707,proplan adulto cat pollo y arroz 85gr,0.0,0.0
1325,brit care gf puppy salmon 3 kg,0.0,0.0
1657,royal can. vet cat  young male 1.5 kg.,0.0,0.0
1018,brit care cat turkey pate with ham 70grs,0.0,0.0
712,pro plan adult medium breed 15kg ar,0.0,0.0
1364,monge medium adult chicken 12 kg,0.0,0.0
647,royal can. shn. medium adult 15 kgr.,0.0,0.0
1056,nutrience original adult cat 2.5 kg,0.0,0.0
723,eukanuba adulto small breed 2,0.0,0.0
1625,royal can. vet cat young female 1.5 kg.,0.0,0.0
258,pro plan gatos  esterilizados pollo pouch 85 gr,0.0,0.0
605,capa impermeable azul,0.0,0.0
859,loft dog house,0.0,0.0
221,eukanuba adulto small breed 6.8 kg,0.0,0.0
318,royal can. vet cat senior s/o 1.5 kg.,0.0,0.0
1053,siguimarina,0.0,0.0
333,parka premium perro con chiporro,0.0,0.0
1753,fancy feast tartare trucha 85 g,0.0,0.0
823,pro plan urinary cat carne y pollo lata 85 grs,0.0,0.0
1188,brit care cat grain-free indoor anti-stress 7 kg,0.0,0.0
875,hueso entretenido,0.0,0.0
1304,pro plan kitten pollo e higado lata 85 grs,0.0,0.0
1376,squeaky bounce ball large,0.0,0.0
233,monge sterilised  chicken de 1,0.0,0.0
151,royal canin gastrointestinal cat 1.5 kg,0.0,0.0
1445,canine l/d  lata x 370 gr,0.0,0.0
913,bravery chicken adult cat sterilized 7 kg,0.0,0.0
1395,bravery chicken puppy large/medium breeds 4 kg,0.0,0.0
667,nutrience original cat indoor 2,0.0,0.0
539,royal mini light 2.5kg,0.0,0.0
868,mebermic,0.0,0.0
367,bowl de plástico,0.0,0.0
379,monge vs hepatic dog 2 kg,0.0,0.0
12,brit care adult medium breed l&r 3 kg,0.0,0.0
565,arnés adjustable cat ,0.0,0.0
1323,royal can fhn light 40 7.5 kilo,0.0,0.0
1641,pro plan adulto pollo pouch 100 gr,0.0,0.0
413,pro plan active mind 7+ med lrg 3kg ar,0.0,0.0
744,caña con pompones,0.0,0.0
517,royal can. shn mini junior 3 kgr.,0.0,0.0
1536,doguivit adulto,0.0,0.0
613,pro plan kitten pollo 85 gr pouch,0.0,0.0
809,nutrience infusion kitten 2,0.0,0.0
1045,royal can. babycat 34 2 kgr.,0.0,0.0
225,royal canin baby cat intinctive  165grx6un,0.0,0.0
1074,nutram sound adult senior cat 1.13 kg,0.0,0.0
1275,proplan sterilized cat 7.5 kilos,0.0,0.0
1725,monge kitten  chicken de 1,0.0,0.0
337,monge medium sen chicken de 3 kg,0.0,0.0
1711,royal recovery rs 145 grs. (lata),0.0,0.0
724,nutrience orig kitten 2,0.0,0.0
174,pro plan adult cat 7+ 3kg ar,0.0,0.0
13,nutram total grain-free trout & salmon meal dog food 11.4kg,0.0,0.0
937,catnip spray hierba gatera,0.0,0.0
977,alfombrilla de entrenamiento de cesped,0.0,0.0
464,royal canin intense hairball 1,0.0,0.0
1526,pro plan canine veterinary diets en,0.0,0.0
1156,pro plan urinary cat 3kg ar,0.0,0.0
1530,royal can. shn mini junior 1 kgr.,0.0,0.0
1032,pro plan urinary cat 7,0.0,0.0
1456,nutram sound kitten 1.13 kg,0.0,0.0
959,brit care cat grain-free sterilized weight control 7 kg,0.0,0.0
1673,nutram sound balanced wellness puppy food 2kg,0.0,0.0
416,royal canin baby cat milk 300gr,0.0,0.0
1558,zeecat phantom collar,0.0,0.0
20,parka premium perro,0.0,0.0
1554,bravery iberian pork mini adult small breeds 7 kg,0.0,0.0
1139,royal canin feline hypoallergenic 1,0.0,0.0
75,zeus trailla doble asa xl azul denim 1.2m,0.0,0.0
734,nutrience infusion cat adulto 2,0.0,0.0
1765,igloo dog house,0.0,0.0
156,royal can. york. terrier junior 2.5 kgr.,0.0,0.0
195,bravery lamb adult large/medium b. 12 kg,0.0,0.0
1363,superpet gato omega,0.0,0.0
508,rc gatos cast. w.control 1,0.0,0.0
879,dog arnés negro,0.0,0.0
140,royal can shn mini adulto 7,0.0,0.0
1255,fancy feast terrine pollo 85 g,0.0,0.0
1868,kit acuario,0.0,0.0
819,front range arnés naranjo,0.0,0.0
747,nutram sound balanced wellness puppy food 11.4kg,0.0,0.0
312,brit care cat indoor (monty) 2 kg,0.0,0.0
1600,pro plan feline veterinary diets ur,0.0,0.0
1095,pro plan sensitive dog salmon y arroz lata 370 grs,0.0,0.0
